feature,importance
discourse_type_Evidence,0.004839669
president state,0.0036859359
students,0.003502006
text_length,0.0034741815
consists,0.0031892345
discourse_type_Concluding Statement,0.0029225599
sun,0.0026718036
europe,0.002596877
projects,0.002356952
mona,0.0023455238
however,0.0022160402
advice,0.0021870418
district,0.0021835228
decision,0.0021534974
star,0.0021137702
environment,0.002091583
learning,0.0020104242
called,0.0019243968
aliens,0.0018505015
multiple,0.0018407764
luke,0.0018192584
discourse_type_Lead,0.0018034597
vice president,0.0017875306
evidence,0.001773855
driverless,0.0017669032
issue,0.0017610559
opinions,0.0017287686
alot,0.0017149434
space,0.0016892274
war,0.001686578
face,0.0016858651
happy,0.0016854724
option students,0.0016715458
ability,0.0016569119
schooling,0.0016496782
provides,0.001631288
stuff,0.0016048588
allows,0.0015912638
texting driving,0.0015880412
whats,0.0015838931
plant,0.0015574971
president ought,0.0015561625
motivation,0.001544702
asking,0.0015427776
experience,0.0015144447
representation,0.0015044655
lisa,0.0014996872
greatly,0.0014894331
muscles,0.001476445
situations,0.0014590312
confused,0.0014538022
driver,0.0014536147
opportunity,0.0014532093
venus,0.0014499122
beneficial,0.0014439534
certificate,0.0014427382
required,0.0014295405
phones,0.0014288712
process place,0.0014211609
supported,0.0014204533
education,0.001409568
especially,0.001408294
individual,0.0014081425
edges imagination,0.001403604
mona lisa,0.0013994116
think,0.0013992449
experiences,0.0013973915
tell,0.0013950055
claim,0.0013815702
landform,0.0013812886
story,0.0013684968
witch,0.0013598576
knowledge,0.0013589106
sad,0.0013559087
major,0.0013466895
receive,0.0013363376
community,0.0013229207
assignments,0.001321532
discourse_type_Position,0.00131984
painting,0.0013173432
buy,0.0013010097
planet,0.0012954874
form,0.0012951796
votes required,0.001287103
constitution,0.0012793189
mean,0.0012682228
earth beyond,0.0012646259
emotions,0.0012633102
na,0.0012623428
city,0.0012622769
easily,0.0012620405
magazines,0.0012572226
direction,0.0012543554
created aliens,0.0012524353
smiling,0.0012480086
president,0.0012439812
distractions,0.0012434565
selecting president,0.0012426412
expanded,0.001237277
assure,0.0012368931
read,0.001234424
creates,0.0012304974
vehicles,0.0012303869
lastly,0.0012270842
thats,0.0012269301
beyond,0.0012169954
like,0.0012131626
unfair,0.0012098091
given,0.0012063594
butte,0.0012048455
development,0.0012045507
another example,0.0011915055
effective,0.0011908474
causes,0.0011843817
agree,0.0011836895
due,0.0011821152
cars,0.0011820009
plumer,0.0011804266
interaction,0.0011803397
creativity,0.00117731
national,0.0011761595
group electors,0.0011751757
night,0.0011720406
consider,0.0011692902
new friends,0.0011683558
regional,0.0011676039
project,0.0011647868
allowing,0.0011629555
experienced,0.0011572851
solutions,0.001156905
concept,0.0011548481
elect,0.0011534751
learning option,0.0011527429
method selecting,0.0011496417
collage,0.0011489515
perspectives,0.0011468404
despite,0.0011467014
freedom,0.0011424333
happened,0.0011421539
courses,0.0011385705
begin,0.0011370543
left,0.0011301456
directly,0.0011295835
parties,0.0011283731
home way,0.0011260335
rather,0.00112572
cool,0.0011213119
author,0.001118331
presedent,0.0011179071
smile,0.0011174288
abolished,0.0011174183
often,0.0011154301
relationships,0.0011153051
closer,0.001112236
involved,0.0011113569
classes home,0.0011107319
practice,0.0011079527
helps,0.0011002499
disagree,0.001098109
four years,0.0010963414
views,0.0010896764
take class,0.0010878206
along,0.0010856425
irrational,0.0010850123
finally,0.0010848964
evening,0.0010832441
may,0.0010831489
control,0.0010819901
essential,0.0010774935
services,0.0010756322
point views,0.0010752468
options,0.0010748206
schedule,0.0010735096
management,0.0010728731
engaged,0.0010699095
projects would,0.0010693317
congress,0.0010690598
points view,0.0010685911
forced,0.0010663973
opinions help,0.0010643929
exploration,0.0010634359
situation,0.0010610934
able vote,0.0010594296
emissions,0.0010591316
united states,0.0010570673
limiting car,0.0010546452
confusion,0.0010471443
choice,0.0010427734
additionally,0.0010426268
seem like,0.0010424511
wins,0.0010418851
suggest,0.00103968
alive,0.001037029
aflcio,0.0010341883
formation,0.0010337303
many ways,0.0010335204
basically,0.0010327237
five,0.0010309275
seagoing,0.0010294542
trash,0.0010275522
edge,0.0010261728
simply,0.0010241797
students emotional,0.0010231744
pace,0.0010230609
swing states,0.0010229727
electors majority,0.0010229558
clubs,0.0010226324
elderly,0.0010156075
people voted,0.0010139098
feel good,0.0010134558
emotion,0.0010121702
dont,0.0010074289
curriculum,0.0010060397
source,0.001005496
college system,0.0010015852
taught,0.0010001695
turn elect,0.0009979595
extreme,0.0009972587
continue,0.0009965419
make people,0.0009957181
going make,0.0009939051
passage,0.0009931494
someone else,0.000991476
ok,0.0009914597
needed,0.0009886235
material,0.0009877933
lab,0.0009859643
would likely,0.0009847143
protection,0.0009840211
activities,0.0009811693
challenge exploring,0.0009809564
although,0.00098079
enough electoral,0.0009806851
tie,0.0009767604
extracurricular activity,0.0009767162
countless,0.0009760763
really,0.0009756099
fun,0.0009751213
support,0.0009714664
showing,0.00097054476
bored,0.000970424
interests,0.0009702811
would happen,0.00096957915
children,0.00096949795
occur,0.0009674024
also may,0.0009672551
happening,0.0009671926
clear,0.00096714497
becuase,0.0009650721
romney,0.0009643533
argue,0.0009634075
potentially,0.0009627358
mars,0.0009626463
example,0.00096251076
safely,0.00096145185
increase,0.00096088625
popular vote,0.00096067967
provide,0.0009603635
conspiracy theorists,0.0009589031
presidential elections,0.0009581744
discourse_type_Counterclaim,0.0009574772
voted,0.00095538807
accidents,0.0009511526
help produce,0.0009508755
text,0.0009464762
technological,0.00094637694
country,0.0009457631
real face,0.00094416604
party,0.0009404256
teachers make,0.00093997165
team,0.0009391346
moment,0.0009372071
make right,0.0009333496
college widely,0.0009332094
swing,0.00093295873
emergency,0.0009303725
electors new,0.0009280892
reasons keep,0.0009256347
researchers,0.00092490204
make better,0.00092489534
dont get,0.0009241403
article,0.0009239451
bias,0.00092178746
success,0.00092067814
crucial,0.00091920287
leader,0.0009185123
nose,0.00091748644
enforced partial,0.00091646955
less time,0.00091588893
amazing,0.00091588293
helped,0.00091510656
voters,0.0009149718
somebody,0.0009131272
pollution,0.0009130763
college stay,0.000912649
supports,0.00091192714
takes away,0.0009118941
busy,0.00091114285
type,0.00090937346
coding,0.0009089319
states didnt,0.0009087902
sky,0.00090773485
hot,0.0009069154
thinking,0.0009066058
parents,0.00090516877
wan,0.0009044912
educational,0.000903436
see,0.0009025529
accomplish,0.0009017091
lack,0.0009014254
reason electoral,0.0008997264
community service,0.0008992969
get mad,0.0008982964
certain,0.0008982894
ever,0.00089534256
time states,0.00089406356
supposed,0.00089401886
dioxide,0.0008932025
pay,0.00089143927
choose president,0.00089069904
quality,0.0008898048
gon,0.0008897618
belive,0.00088873156
impact,0.0008881711
modern,0.00088736624
nixon,0.0008868039
become,0.000886255
stress,0.0008845954
road,0.0008843715
curiosity likely,0.0008841421
worth,0.0008833119
class,0.0008821367
percent happy,0.00088108156
percent,0.00088071526
large states,0.00088023307
president would,0.00087846187
meet,0.0008783432
progress,0.0008782971
coding system,0.0008754336
social,0.0008718834
completely,0.000870874
option,0.0008703684
curiosity,0.000869897
direct,0.0008691667
smart,0.0008690918
wouldnt,0.00086837995
conditions,0.0008682516
kennedy,0.000866472
broke,0.00086623244
less,0.0008659227
could make,0.0008651831
martian,0.00086404395
get vote,0.000863502
paying attention,0.0008624602
aspect,0.0008624017
crazy,0.00086136116
attending classes,0.00085988303
access,0.0008590574
usage,0.000858866
computer,0.00085800805
defenders,0.00085641525
let us,0.00085631147
care,0.0008555325
voters vote,0.00085520156
parent,0.00085486745
election would,0.0008544792
single,0.00085361546
play,0.00084891135
pick,0.00084837445
phones school,0.0008454687
distance learning,0.00084498187
true,0.00084483676
state,0.0008443317
three,0.0008440286
people ask,0.00084394246
technology could,0.000839353
main,0.00083866605
extremely,0.0008365105
discourse_type_Rebuttal,0.0008353103
votes winner,0.00083426293
limiting,0.0008341744
school year,0.00083342806
difficult,0.0008319952
compelling,0.00083035586
thought,0.00083034317
amendment,0.0008300745
comes,0.000829861
see candidates,0.00082966185
town,0.00082963984
says,0.0008280332
bad,0.0008268592
want go,0.00082618184
students attend,0.0008254783
garages,0.0008246443
setting,0.0008243349
global,0.0008234352
venusian,0.00082247495
according,0.0008221491
disaster factor,0.00082049496
betrayed,0.0008167371
theorists,0.0008162821
radio,0.00081442954
enough,0.0008140034
passing,0.0008112411
throughout,0.00081100885
interested,0.0008109842
leads,0.00081079436
skills,0.00081014534
case,0.00080945826
important,0.0008079943
try,0.00080676435
author states,0.0008064484
vice,0.0008059149
land,0.00080508576
designed projects,0.0008050733
planetary,0.00080431765
prepared,0.00080413086
age,0.00080343493
lots,0.0008024112
high school,0.0008021959
surface,0.00080151437
discover,0.0008010956
studentdesigned,0.0008007806
think electoral,0.00079939
people feeling,0.0007989375
federal,0.000798082
possibilities,0.0007976854
volunteer,0.0007971674
solve,0.0007946859
election crisis,0.0007945781
voice,0.0007934834
instead,0.00079154386
indeed,0.0007908709
take care,0.0007907804
responsibility,0.00079065614
requiring,0.0007891312
wait,0.000788631
brightest,0.00078670424
focus,0.00078639435
keep electoral,0.00078610796
friend,0.00078494486
else,0.0007849049
voteing,0.00078404846
established,0.0007834324
upcoming,0.0007832399
attending,0.0007828622
mouth,0.0007824777
whether,0.0007801637
dangerous,0.00077946385
greater,0.0007780276
students dont,0.00077650935
exist,0.0007759746
made face,0.00077590026
natural,0.0007757371
emotional,0.00077571435
extracurricular,0.0007756561
decrease,0.00077542564
democracy,0.0007745869
also think,0.0007739159
mars natural,0.00077261485
enforced,0.0007717169
make students,0.00077104854
france,0.0007709087
single best,0.0007708853
places,0.0007693022
even though,0.0007686699
photos,0.00076852815
popular voting,0.00076850405
could help,0.0007684138
votes elect,0.0007672185
provided,0.00076662004
outdated,0.0007665862
cover,0.0007655326
friends,0.0007649882
start,0.0007645805
students participate,0.0007627616
called evening,0.0007625887
challenge,0.00076021417
grades,0.00075984164
reading,0.0007554347
open,0.0007541248
encourage,0.0007540149
college unfair,0.0007536781
need time,0.00075335806
think school,0.00075237924
slate electors,0.00075219414
studentdesigned projects,0.00075139053
doesnt,0.00075137627
wanting,0.0007501684
moving,0.00074983604
people world,0.0007486356
face face,0.0007484983
clouds,0.00074846373
ideas,0.00074824534
difference,0.0007473189
would say,0.0007467488
require,0.0007460805
dirty,0.0007458104
cases,0.0007453859
winter,0.00074441254
president may,0.0007432001
technology called,0.0007429673
therefore,0.0007429046
office,0.0007406565
ran president,0.0007402768
electorial,0.00074020855
light,0.0007387428
fail,0.0007381636
benefits,0.00073760084
recent,0.00073650025
ther,0.00073446106
allow,0.0007331862
reasoning,0.000733098
qualified citizens,0.00073304714
middle,0.000732772
leave,0.00073217385
held,0.0007321393
million,0.00073116826
assist,0.00073037326
author says,0.00073031604
degrees,0.00072973105
impossible,0.0007284967
anything else,0.0007283459
driving,0.00072774716
risks,0.00072736177
starts,0.0007267243
means,0.000726328
going,0.00072568253
schools offer,0.0007242529
policy,0.0007240335
join,0.00072347326
job,0.00072253466
projects assure,0.00072214723
facial,0.00072182226
help us,0.0007209987
started,0.0007200609
people united,0.0007195424
per,0.0007194698
free times,0.00071780616
writing,0.0007177743
past,0.000715931
new york,0.000715687
online class,0.0007151372
losing,0.0007149786
college restores,0.0007140321
system voters,0.00071391533
thing,0.0007126941
article says,0.00071207515
second,0.00071180606
electors turn,0.0007115892
water,0.00071126455
today,0.00071095047
work pace,0.00071040506
decisions,0.00071004964
would never,0.000709876
shadows,0.00070970913
meeting,0.0007095389
dont think,0.00070897944
think would,0.000708259
fiasco,0.00070791284
alien,0.00070750597
keeping electoral,0.0007074895
teams,0.00070682535
students wouldnt,0.0007068116
summer,0.00070652965
potential,0.0007064676
principle,0.0007062818
safer,0.0007061178
good school,0.0007060178
mesa,0.0007057838
complete project,0.0007053849
full,0.0007050859
almost percent,0.00070491305
let,0.00070416747
got,0.00070412393
behind,0.00070382276
another reason,0.00070321874
people dont,0.000703204
convincing,0.0007028965
explain,0.0007027169
united,0.0007024687
legal,0.00070201454
citizens,0.0007018108
ask people,0.00070168136
would better,0.0007010355
president elected,0.00070102036
second reason,0.00070081104
lot,0.00070071634
expressions,0.0007000888
like electoral,0.0006998023
sides,0.00069944066
running president,0.00069925986
want take,0.0006983372
hardest,0.0006981155
perspective,0.0006978774
club,0.0006975919
service,0.0006969845
first reason,0.00069678214
gets,0.0006965562
school,0.00069654256
runoff,0.000695955
ran,0.00069520046
constant,0.0006950559
quite,0.00069468736
allowed,0.00069437927
dr,0.0006942723
answers,0.0006942226
florida,0.0006941667
rules,0.0006939778
theyre,0.0006939076
require students,0.0006938383
buses,0.0006936869
receives majority,0.00069291814
student,0.00069283106
others,0.0006924029
prepare,0.0006919479
maybe,0.00069033814
walk,0.00069023756
late,0.0006900976
everybody,0.0006885325
columbia,0.00068528636
member,0.000684387
makes,0.0006843733
nondemocratic,0.0006839388
idaho,0.0006835059
different,0.0006833998
talk,0.000681716
truth,0.00068153633
cant,0.0006806617
cydonia,0.0006804229
reason people,0.00068041467
west,0.00067978894
easy,0.00067962665
began,0.00067953416
trips,0.0006789204
giving,0.00067730085
lived,0.0006769824
tasks,0.0006759717
vote compared,0.00067562767
landforms,0.00067557395
phone,0.00067408
throw,0.0006735073
likely,0.0006721458
much better,0.0006716378
earth,0.0006706052
helping,0.0006702973
low,0.00066888385
long,0.00066856557
bring,0.00066682865
child,0.00066669437
good,0.0006662544
also students,0.0006662471
designed,0.00066614
win,0.0006636872
spend,0.0006636228
camera,0.00066335785
decreed,0.0006626228
method awarding,0.0006617465
ill,0.000661219
compared percent,0.000660362
privacy,0.0006598187
deciding,0.00065978017
would beneficial,0.0006593995
mind,0.0006593882
percent angry,0.0006593588
better person,0.00065905624
big,0.0006586312
fine,0.0006584033
close,0.00065839576
bogota,0.000657985
listen,0.0006577315
brain,0.0006572873
bmw,0.0006571009
house,0.0006565508
effort,0.0006561382
ascertainment,0.00065508607
find way,0.0006549974
people voting,0.0006536355
face mars,0.00065241236
need help,0.00065222906
half,0.0006513814
get trouble,0.0006510171
also need,0.0006489326
students opportunity,0.0006482212
would one,0.0006478408
pixel,0.00064742786
right,0.0006472604
school community,0.00064577133
sitting,0.0006448461
help make,0.00064345484
nasa,0.0006433873
state legislatures,0.0006430104
set,0.0006424062
people advice,0.0006415956
home students,0.0006413827
people see,0.0006405103
students teachers,0.0006404413
boat,0.00063934526
canidate,0.00063910295
says electoral,0.00063836685
valleys,0.00063788757
peoples,0.00063760445
negative,0.000637535
voter,0.0006366491
contribute,0.000636319
online courses,0.0006356539
everything,0.0006356379
appreciate,0.0006350009
already,0.00063484884
give,0.0006345349
election president,0.0006341301
causing,0.0006340908
license,0.0006338907
injuries,0.0006333754
love,0.0006333092
times,0.0006324929
pictures,0.0006323947
large,0.0006314351
chance,0.00063137716
like one,0.000631046
litter,0.0006308922
online classes,0.0006306377
put,0.0006301653
logical,0.00062974746
go school,0.0006282242
four,0.00062763074
senate,0.00062710565
students work,0.00062692794
add,0.0006266896
believe,0.0006262008
software,0.0006255153
multiple people,0.0006253435
process,0.00062530296
use cell,0.00062506774
heshe,0.00062415295
someone,0.0006238733
projects teacherdesigned,0.0006235329
feelings,0.00062296883
within,0.00062218367
next president,0.00062173815
many people,0.0006208219
us,0.00062028633
feel like,0.00061994547
hidden,0.00061912363
activities students,0.00061904103
move,0.00061840354
forcing,0.000617932
density,0.00061762426
thus,0.00061723986
hundreds,0.00061700033
sensors,0.0006168353
real,0.000616758
choices,0.0006165091
size,0.0006163071
making,0.00061604
emotional expressions,0.0006157486
elections candidate,0.00061565184
activities like,0.0006153466
study,0.0006151564
anything,0.00061515573
exploring,0.00061462243
look,0.00061459356
opposed,0.00061401003
dont know,0.00061366824
point view,0.00061366777
games,0.00061333214
secondly,0.0006125351
lead,0.00061181805
person could,0.00061162125
go,0.0006116132
wanted,0.0006109955
safety,0.0006099136
talks,0.0006080448
kinda,0.0006077669
rights,0.000606755
outside,0.0006061502
good idea,0.00060526555
facs,0.00060446776
electoral vote,0.00060394645
election popular,0.0006027382
one person,0.0006014062
image,0.00060069625
say,0.0006002361
ask,0.0005996133
schools,0.0005993355
goes,0.0005988458
finish,0.00059800106
uses,0.0005970942
horses,0.0005955051
happiness,0.0005949098
machine,0.00059454516
venus worthy,0.00059435936
mercury closer,0.00059392076
help students,0.00059251115
shouldnt,0.0005919281
picture face,0.0005906723
sent,0.0005905405
saying,0.0005900612
attention,0.00058956083
want,0.00058938825
keep,0.00058911915
venus would,0.0005887983
one vote,0.000587862
car,0.00058733375
voting,0.00058536814
theres,0.0005843159
need keep,0.0005811245
candidate,0.0005806503
get done,0.00058018387
think face,0.0005800315
whole,0.00057722925
red,0.0005765421
variety,0.00057552994
wrong,0.0005752412
taking,0.0005738442
said,0.0005729259
problem,0.0005724511
receiving,0.00057236897
next,0.00057224755
video games,0.00057171454
power,0.00057147
attend classes,0.00057057705
potential voters,0.0005694333
despite dangers,0.00056889316
distracting,0.00056831515
made,0.0005681797
students education,0.00056799495
determine,0.00056766695
pay attention,0.0005669313
world,0.00056547864
create,0.0005632848
feeling,0.00056311535
chose,0.0005617216
sports,0.00056153047
message,0.0005612507
texting,0.000561206
requires,0.0005609559
would feel,0.0005604714
classroom,0.0005602244
mountains craters,0.0005596652
name,0.00055935245
without,0.000559167
fathers,0.00055894704
areas,0.0005586883
posner,0.0005581478
reason,0.0005575199
ways,0.0005572451
discussing,0.0005563518
kind,0.0005529759
question,0.0005528007
seen,0.00055085676
candidate transregional,0.0005501983
keeping,0.00054985704
send,0.00054899155
yet,0.0005485095
muscle,0.00054740167
get,0.00054620433
traditional,0.000544943
done,0.0005443623
richard,0.0005436112
play sports,0.00054309855
television,0.00054230436
different people,0.000541549
lost,0.0005415304
congestion,0.0005403534
students get,0.0005395456
possibly,0.000539111
vote state,0.00053629937
idea,0.00053628813
bad idea,0.00053628406
take,0.0005348342
clear air,0.0005335958
seventeen,0.0005332824
computer model,0.00053225167
complete,0.0005318828
electoral college,0.00053085753
system,0.000530762
clean,0.00053056946
argument,0.0005296322
bring cell,0.0005292064
perfect,0.0005277936
things,0.00052740995
least,0.00052735815
break,0.0005271218
resembles,0.00052625226
spacecraft,0.00052617287
ask advice,0.00052575086
extra,0.0005251406
studentdesigned project,0.0005244756
havent,0.00052443816
living,0.00052343926
able,0.00052303245
getting,0.0005221332
food,0.000522062
persons,0.00052114466
cell phones,0.000520051
terms,0.0005188131
feedback,0.0005187416
definitely,0.0005184823
president united,0.0005181064
machines,0.0005175768
faces,0.0005173056
facial expressions,0.0005168161
buying,0.00051678234
god,0.000516602
jobs,0.0005164957
make decision,0.00051498995
easier,0.00051454105
arent,0.0005144493
rock,0.0005141694
benefit,0.0005130687
mars could,0.00051301613
offer distance,0.0005124818
isnt,0.000512094
known,0.00051163463
best,0.00051132025
regions,0.000511156
activity,0.0005111491
information,0.00051012554
technology read,0.00050929544
still,0.0005083417
red planet,0.0005071424
really dont,0.0005070636
went,0.0005063997
place,0.00050623354
could go,0.00050485955
stay,0.00050422025
dont want,0.00050324376
electoral,0.0005023695
people state,0.0005021207
grade,0.0005009185
trust,0.0004998477
cameras,0.0004991261
prevent,0.00049875496
turn,0.000497901
hope carrying,0.0004978452
boring,0.0004975738
best choice,0.0004969662
position,0.0004969651
way voting,0.0004967617
others opinions,0.000495874
homework,0.00049515406
waste,0.0004944153
student designed,0.0004943228
im,0.00049414224
single vote,0.0004936617
angry,0.00049349305
way learning,0.0004928264
details,0.0004922476
weather,0.0004921435
methods,0.00049191853
many reasons,0.0004911151
hard,0.00049107365
nominee,0.00049094175
show,0.0004906451
program,0.00048992434
gives students,0.0004893148
humans,0.0004890946
many,0.00048900675
dont like,0.00048839836
would vote,0.00048762152
article challenge,0.00048690586
future,0.00048658455
vehicle,0.00048561447
individuals,0.00048542765
asking advice,0.0004851663
healthy,0.0004849246
instance,0.0004847064
summer assignments,0.0004844581
designed project,0.0004843971
last,0.00048430104
pass,0.0004826415
holds,0.0004821723
want make,0.00048180405
whats wrong,0.00048019493
gone,0.0004800169
becomes,0.00047992897
smog,0.00047990578
miles,0.00047984542
based,0.00047848665
example student,0.00047823365
fix,0.00047737535
winning,0.0004766853
actually,0.0004763475
president vice,0.0004763353
must,0.00047556564
partys,0.00047452588
society,0.00047437442
tuesday,0.00047375393
taken,0.00047317278
election,0.00047302264
summer projects,0.00047291644
campaign,0.00047248296
find,0.0004722497
planet solar,0.00047193884
powerful,0.0004704353
students use,0.00046975954
electoral votes,0.00046944027
cause,0.00046908818
much,0.00046874417
drive,0.0004686327
complicate,0.0004684785
scientist,0.00046824059
government,0.00046778636
wake,0.0004671091
trouble,0.0004668447
banned,0.0004655467
conferencing,0.0004645577
amount,0.00046438622
sign,0.00046417114
stressful,0.00046376453
try make,0.00046305926
fall,0.00046293094
common,0.000461174
problems,0.00046068293
april,0.00046058488
good bad,0.0004593437
states,0.00045872488
looks,0.00045769225
teachers,0.00045746868
hours,0.00045718648
winnertakeall,0.00045715153
side,0.00045614882
teacher,0.0004553203
seem,0.00045524948
alien artifact,0.0004533406
risk,0.0004530049
illusion,0.00045228802
popular,0.00045199806
work,0.00045170757
run,0.0004515313
object,0.0004514342
lesson,0.00045096563
way,0.00045060477
slate,0.00044980046
year,0.00044930208
democratic,0.0004485644
two,0.0004483077
conclusion,0.00044681603
couple,0.00044631027
look like,0.00044481686
felt,0.00044431243
electronic,0.00044285372
every,0.0004416605
formed,0.00044135874
since,0.00044082603
would like,0.00044014968
result,0.00043974142
always,0.00043907756
using,0.00043906725
part,0.00043708613
change,0.00043695103
real world,0.000436757
understand,0.00043662608
capable,0.00043650132
get know,0.0004359165
conditions surface,0.00043587617
also unfair,0.00043574435
principal,0.0004349463
another,0.00043431285
physical,0.0004338449
used,0.00043375877
great,0.00043195797
know,0.00043023622
easy conditions,0.00043002682
needs,0.00042998235
prepares,0.0004291659
books,0.00042870056
people get,0.00042844843
point,0.00042714507
family,0.00042640296
students going,0.0004256031
online,0.00042544006
first,0.00042527358
make sure,0.00042430565
da,0.00042358908
everyday,0.00042322907
guide,0.00042282342
plan,0.00042215543
sure,0.00042188147
senator,0.0004208906
help,0.0004207026
ahead,0.0004196275
crush,0.0004184853
technology,0.0004182724
home,0.00041802076
matter,0.00041729384
venus closest,0.00041693862
similar,0.00041691857
interest,0.00041628478
something,0.00041561376
wheel,0.00041536323
helpful,0.00041517717
crash,0.00041500438
wasnt,0.0004143439
better,0.0004130556
group,0.00041283056
shows,0.00041162304
drivers,0.00041159548
would able,0.00041075566
pedestrians,0.0004104481
possible solution,0.0004101041
though,0.00040990248
method,0.00040958545
would also,0.00040942582
model,0.0004078187
article making,0.00040773518
knowing,0.00040762138
dont even,0.00040760534
might,0.00040685124
experience planet,0.00040663528
sit,0.00040614186
people need,0.0004060758
college process,0.00040503655
away,0.0004045123
social skills,0.00040354842
life,0.00040345365
would benefit,0.0004023751
cleaner,0.00040207087
assigned,0.00040106484
back,0.00040101467
attend,0.00040091487
didnt,0.0004005154
selves,0.00040008465
cars would,0.0003992852
required elect,0.00039629868
hear,0.00039583555
students must,0.00039561762
nasas,0.0003955863
make,0.00039523997
enjoy,0.0003949631
class home,0.00039432565
however students,0.00039398082
venus venus,0.0003934674
call,0.00039340998
advice help,0.00039333056
traffic,0.00039197603
ensure,0.0003918819
race,0.0003914582
elected,0.00039030248
vote,0.00038931306
paragraph,0.00038920742
learn,0.000387849
choose,0.00038776046
head,0.00038717533
live,0.0003833237
hide,0.00038316596
lives,0.00038315656
far,0.00038285015
bans,0.00038274043
adults,0.0003827077
everyone,0.00038256636
sometimes,0.00038167523
way students,0.000381626
waste time,0.00038087383
college,0.0003808696
high,0.00038048116
dalto,0.00037924183
well,0.0003785801
course,0.0003779389
pressure,0.00037681495
eckman,0.00037620845
electoral collage,0.00037605967
electors,0.00037556747
time,0.00037548057
think change,0.0003751276
popular votes,0.00037491694
tutor,0.00037477067
look face,0.0003746407
percent voters,0.00037435055
votes,0.00037423975
need,0.00037398213
al,0.0003737549
teacherdesigned,0.00037315759
properly,0.00037300226
summer break,0.00037253185
winnertakeall system,0.000372462
lunch,0.0003723874
view,0.0003718814
majority,0.0003718746
sport,0.00037149954
opinion,0.00037124965
unmasking,0.0003711172
students could,0.00037103164
may say,0.00037079968
express,0.00037078778
imagine,0.00037000864
transportation,0.00036839853
day,0.00036659907
years,0.00036641673
create project,0.00036622435
new things,0.00036604994
end,0.00036596763
electors vote,0.00036562368
class online,0.00036544312
like earth,0.00036537708
people really,0.00036480973
person,0.00036471346
dangers presents,0.00036460787
bigger,0.00036429754
creative,0.00036429072
also,0.000364226
college abolished,0.0003638531
classes,0.00036362017
equal,0.00036340122
people,0.00036334989
going get,0.00036024116
field,0.0003598357
trying,0.00035970213
author supports,0.00035959078
elections,0.00035866752
even,0.00035722455
months,0.00035669073
one,0.00035662387
looking,0.0003565591
hostile,0.0003546107
complete summer,0.00035432176
gas,0.00035351608
study venus,0.0003533497
added,0.0003533487
presidency,0.00035244203
nothing,0.00035238013
resources,0.00035163856
another person,0.0003503302
advanced,0.0003498139
asked,0.0003489813
come,0.000347743
goal,0.00034729036
responsible,0.00034715707
solar,0.00034689842
piece,0.0003465311
created,0.0003448894
video,0.00034457637
found,0.00034275616
explore,0.00034256358
carbide,0.00034230307
voting president,0.0003421992
representatives,0.0003421156
people vote,0.00034178077
advice multiple,0.00034112972
would,0.00034096016
ought overruled,0.00034067637
topic,0.00033812088
changed,0.000335849
driverless cars,0.00033559007
presidents,0.00033438115
taking away,0.00033435284
new,0.00033300198
atmospheric,0.00033164697
valuable,0.0003314322
earths,0.00032993412
also states,0.00032939547
kids,0.000329298
could,0.0003286619
money,0.00032815285
votes would,0.00032785608
many students,0.00032690805
would good,0.0003260578
limit,0.00032602265
mission,0.0003249426
use,0.0003247721
compared,0.00032361003
ad,0.0003235884
project would,0.00032294876
located,0.00032121644
passengers,0.00032087293
picture,0.0003206014
safe,0.00032005808
viking,0.0003200124
working,0.00031956547
voting system,0.000317632
landform mars,0.00031757366
action coding,0.00031751598
wont,0.00031486223
summer project,0.000313625
system electoral,0.00031262572
took,0.00031234862
could modify,0.00031180502
students learn,0.00031102885
showed,0.00031040568
support idea,0.00031030094
participate,0.00030924781
greater experience,0.00030916496
college method,0.00030880113
avoid runoff,0.00030879627
boxing,0.00030813273
turned,0.00030748214
students would,0.00030659465
caught,0.0003065693
reasons,0.00030633737
designed teachers,0.00030501914
south,0.00030431355
wants,0.00030153655
learned,0.00030104103
design,0.00029934294
college consists,0.0002993082
feel,0.00029811152
germany,0.00029735072
dont spend,0.00029674254
aspects,0.0002952432
science,0.0002934207
venus worth,0.00029322205
would want,0.00029185234
death,0.00029183598
people consider,0.00029098365
mad,0.0002909689
political,0.00029021225
gave,0.0002897056
service help,0.0002894515
happen,0.0002891373
lot people,0.00028847824
almost,0.000288323
garvin,0.0002870994
sick,0.00028509993
playing,0.00028378094
students want,0.00028344168
order,0.00028057507
pursuit,0.00028028223
presents,0.00027836804
think make,0.00027693098
laws,0.00027522922
america,0.00027304562
allows students,0.0002722075
letter,0.00027202736
speak,0.00027174194
blankets venus,0.0002712983
paragraph states,0.00026923604
communication,0.0002691268
selsky,0.00026754706
presidential,0.0002654008
bradford,0.00026534792
figure,0.00026445623
come school,0.00026294697
improve,0.00026280252
one day,0.00026246044
abolish,0.00026235238
offer,0.00026147615
cast,0.0002601715
short,0.00025885706
could cause,0.00025762216
human,0.0002572108
planets,0.00025713566
strikes,0.00025651403
closest,0.00025601164
idea sending,0.0002556963
declaring candidate,0.00025520142
young,0.0002543012
states electoral,0.00025404105
candidates,0.00025327725
vote president,0.00025256615
density size,0.00025023232
air,0.00024817037
arguing,0.0002478099
going venus,0.00024762636
survivable,0.00024645784
obama,0.00024580528
coming school,0.00024396142
every student,0.00024365596
positive,0.0002426024
students create,0.00024250758
rocky,0.00024225611
homeschooling,0.00023993712
unfair voters,0.00023993682
hovering,0.0002378781
cattle,0.00023695716
vote slate,0.00023580648
overruled,0.00023570824
meeting electors,0.00023537176
expressions students,0.00023442687
seeking multiple,0.00023372401
distance,0.0002290132
cell,0.0002280747
free,0.00022672603
cowboys,0.000225339
running,0.00022524985
state group,0.00022473549
eyes,0.00022064282
people want,0.0002204672
around,0.00022012457
cowboys program,0.00022002387
like face,0.00021878803
cell phone,0.00021809434
computers,0.00021793031
studying,0.0002179121
finding,0.00021542782
dangers,0.00021299979
would allow,0.00020988284
animals,0.00020901118
action,0.00020894817
helping community,0.00020848517
stop,0.00020806938
candidate running,0.0002077699
average,0.00020625084
research,0.00020577092
fair,0.00020453261
rock formation,0.00020025979
college five,0.00019574087
car usage,0.00019524786
chamber,0.0001941893
focusing,0.00019382537
explore venus,0.00018866273
multiple opinions,0.00018301525
butte mesa,0.000182016
huge,0.00017847058
ban,0.00017787098
never,0.00017698546
winner,0.00017679037
facts,0.0001752197
less stressful,0.00017502718
computer tell,0.00017447301
became,0.00017436853
gives,0.00017307664
advantages,0.00017161916
voters winnertakeall,0.000170677
students bring,0.00017055396
public,0.00016795109
limited,0.00016729123
allowing students,0.00016331482
facial movements,0.00016178134
im sure,0.00016042784
students classroom,0.00015595324
school policy,0.00015546184
figured,0.00015230765
decide,0.0001521644
fact,0.00015123161
value,0.00014771253
computer knows,0.00014663371
teacher designed,0.00014641428
believe aliens,0.00014585054
free time,0.00014569482
changing,0.00013989679
im saying,0.00013975863
create summer,0.00013973088
anyone,0.00013965533
cows,0.00013900209
take system,0.00013857192
speed,0.00013853789
dont see,0.0001378327
teacherdesigned projects,0.00013779898
higher,0.00013709995
greenhouse,0.00013594066
preference rather,0.00013575956
online school,0.00013516411
consists selection,0.00013510643
manage,0.00013481025
single campaign,0.00013431092
projects designed,0.00013199693
studying venus,0.00013198331
president vote,0.00013164985
despised,0.00013094708
disaster,0.0001309273
stated,0.00012947561
rarely,0.00012844939
overall,0.00012829289
cowboy,0.00012657043
chosen,0.00012600371
issues,0.00012480876
online video,0.00012462042
atmosphere,0.000121655285
region,0.00011684797
help community,0.00011420752
rather people,0.00011408556
photo,0.000114015915
lukes,0.00011356076
plants,0.00011283454
height,0.0001127335
think good,0.00011219619
qualified,0.000112138245
monday,0.00011136409
advantages limiting,0.00010896455
another martian,0.00010777861
task,0.000106953186
extracurricular activities,0.00010455665
anatomy,0.00010427807
elector,0.00010357214
craters,0.00010222178
plain,0.00010154477
formation resembles,0.00010027296
read students,0.0001000322
natural landform,9.916219e-05
survived landing,9.900723e-05
carbon,9.712871e-05
candidate recieves,9.489508e-05
strongly,9.27353e-05
balance,9.219764e-05
looks like,9.20034e-05
concern,9.0723435e-05
theory,9.052089e-05
reminds,8.8296896e-05
peers,8.7262386e-05
made aliens,8.700225e-05
candidate receives,8.5529704e-05
butte snake,8.433322e-05
understanding,8.154275e-05
problem elections,8.082266e-05
grow,8.075881e-05
ride,7.994669e-05
let students,7.9050915e-05
could potentially,7.839554e-05
people make,7.804997e-05
generally,7.7378914e-05
possible,7.699009e-05
favor,7.658684e-05
efforts,7.4948664e-05
china,7.404498e-05
college electoral,7.2469105e-05
states lose,6.6439e-05
join seagoing,6.608337e-05
lines,6.501343e-05
gore,6.159946e-05
depression,6.059022e-05
face natural,6.0564365e-05
starred,6.038363e-05
congressional,5.936367e-05
little,5.183725e-05
may argue,4.978178e-05
mountains,4.8971175e-05
anachronism,4.662785e-05
store,4.6421133e-05
different perspectives,4.611125e-05
unfair outdated,4.2084586e-05
structure,3.6853275e-05
probably,3.3887205e-05
exploring venus,2.2450859e-05
people may,2.1788974e-05
different experiences,1.0905584e-05
benefit able,6.0194766e-06
al gore,4.8660777e-06
paul,0.0
removed,0.0
replace,0.0
path,0.0
replaced,0.0
zone,0.0
placed,0.0
remove,0.0
paul eckman,0.0
roads,0.0
pm,0.0
robots,0.0
zones,0.0
remember,0.0
remain,0.0
plus two,0.0
pay close,0.0
paying,0.0
rely,0.0
plus,0.0
passionate,0.0
river plain,0.0
passion,0.0
replacing,0.0
passenger cars,0.0
would choose,0.0
possibility,0.0
represent,0.0
planning,0.0
park,0.0
paris enforced,0.0
risky,0.0
report,0.0
writes,0.0
possible winner,0.0
replacing democratic,0.0
river,0.0
paris bans,0.0
would close,0.0
plain idaho,0.0
paris,0.0
relieve,0.0
would think,0.0
parents would,0.0
poeple,0.0
relieve stress,0.0
youth,0.0
rocks,0.0
relate,0.0
register,0.0
peer,0.0
prefer direct,0.0
preference,0.0
rosenthal,0.0
play games,0.0
plenty,0.0
play sport,0.0
routine,0.0
would even,0.0
regional appeal,0.0
rubric,0.0
would fair,0.0
ruin,0.0
rule,0.0
regardless,0.0
pledged kerry,0.0
regarding,0.0
pledged,0.0
papers,0.0
please,0.0
regarded anachronism,0.0
prepare students,0.0
plays,0.0
played,0.0
regular,0.0
room,0.0
plans,0.0
wouldnt able,0.0
planned,0.0
wouldnt want,0.0
youll,0.0
reliable,0.0
place live,0.0
place founding,0.0
relaxing,0.0
rocky sediment,0.0
relax,0.0
would easier,0.0
rode,0.0
role,0.0
paragraph says,0.0
relationship,0.0
plurality popular,0.0
related,0.0
powerful earthquakes,0.0
pc,0.0
plates,0.0
paragraph author,0.0
practical,0.0
place examine,0.0
plurality,0.0
pedigree,0.0
prefer,0.0
planet also,0.0
passed,0.0
would change,0.0
parts,0.0
restores,0.0
restores weight,0.0
requiring students,0.0
results,0.0
youre actually,0.0
planet sun,0.0
requires presidential,0.0
requires human,0.0
poor,0.0
planet surface,0.0
retain,0.0
youre,0.0
pop icon,0.0
return,0.0
pop,0.0
wouldve,0.0
reveal,0.0
requirements,0.0
policy students,0.0
younger,0.0
participate extracurricular,0.0
young people,0.0
young age,0.0
revealed,0.0
particular,0.0
participate least,0.0
participation,0.0
researching,0.0
respect,0.0
political preference,0.0
respective,0.0
politics,0.0
poll,0.0
respective electors,0.0
poll taken,0.0
resolution,0.0
respond,0.0
participated,0.0
participate sports,0.0
residents,0.0
response,0.0
political party,0.0
responsibilities,0.0
resembles human,0.0
participate school,0.0
political balance,0.0
youre going,0.0
responsible picking,0.0
participating,0.0
polluted,0.0
rest,0.0
requirement,0.0
required perform,0.0
passenger,0.0
points light,0.0
planetary visit,0.0
write,0.0
police,0.0
riding,0.0
right choice,0.0
represents,0.0
right decision,0.0
right thing,0.0
representing,0.0
representatives state,0.0
planets surface,0.0
right vote,0.0
participate activities,0.0
would work,0.0
parks,0.0
rise,0.0
would thrown,0.0
representative,0.0
passage says,0.0
would cause,0.0
parking,0.0
points,0.0
youve,0.0
pointless,0.0
planet venus,0.0
partake,0.0
republican,0.0
republicans,0.0
partial driving,0.0
revealing,0.0
would use,0.0
planet mars,0.0
required community,0.0
party selects,0.0
rhode,0.0
would best,0.0
rhode island,0.0
policy one,0.0
partial,0.0
richard nixon,0.0
planet humans,0.0
party state,0.0
planet earth,0.0
popularity,0.0
richard posner,0.0
rid,0.0
partys candidate,0.0
rid electoral,0.0
population,0.0
partys nominee,0.0
reputation,0.0
would take,0.0
project could,0.0
regarded,0.0
public school,0.0
previously,0.0
public transportation,0.0
pull,0.0
previous,0.0
would let,0.0
prevents,0.0
punishment,0.0
purpose,0.0
purposes,0.0
purposes electoral,0.0
prevented,0.0
pursue,0.0
phone use,0.0
pursuit despite,0.0
push,0.0
public schools,0.0
price,0.0
put effort,0.0
prices,0.0
proved,0.0
prior,0.0
proven,0.0
proves,0.0
would look,0.0
yearbook,0.0
phone driving,0.0
phone policy,0.0
per pixel,0.0
providing,0.0
proving,0.0
peoples votes,0.0
proximity,0.0
public office,0.0
phone school,0.0
wrote,0.0
puts,0.0
prove,0.0
quirks,0.0
people wanted,0.0
pretty,0.0
years ago,0.0
quit,0.0
phones class,0.0
years tuesday,0.0
pressure would,0.0
quote,0.0
phones driving,0.0
pressure times,0.0
would lead,0.0
phones free,0.0
people use,0.0
races,0.0
races swing,0.0
quirks electoral,0.0
quiet,0.0
peoples opinions,0.0
quickly,0.0
pretty sure,0.0
putting,0.0
wrong electoral,0.0
pyramids,0.0
would oppose,0.0
qualities,0.0
people would,0.0
would less,0.0
people work,0.0
questions,0.0
playing sports,0.0
would prefer,0.0
quick,0.0
quicker,0.0
pretty much,0.0
percent carbon,0.0
proud,0.0
people able,0.0
perform,0.0
person might,0.0
person one,0.0
productive,0.0
projects allow,0.0
product,0.0
produces,0.0
perfectly,0.0
produce,0.0
person would,0.0
process electoral,0.0
personal,0.0
personally,0.0
personally think,0.0
projects student,0.0
projects studentdesigned,0.0
productivity,0.0
perform community,0.0
projects students,0.0
person feeling,0.0
period time,0.0
project designed,0.0
would much,0.0
project student,0.0
project students,0.0
project summer,0.0
programs,0.0
periods,0.0
professor,0.0
professional,0.0
project teacher,0.0
prof,0.0
person advice,0.0
perhaps,0.0
performance,0.0
process consists,0.0
process begins,0.0
priority,0.0
percent electoral,0.0
probably covered,0.0
proof,0.0
proper,0.0
privilege,0.0
would love,0.0
pros,0.0
wyoming,0.0
private,0.0
pros cons,0.0
prospect,0.0
percent disgusted,0.0
prospect tie,0.0
phone call,0.0
protect,0.0
would lot,0.0
would make,0.0
probably tell,0.0
projects summer,0.0
percent fearful,0.0
percentage,0.0
would need,0.0
yeah,0.0
projects teacher,0.0
persuade,0.0
probes,0.0
percent popular,0.0
projects teachers,0.0
would mean,0.0
year students,0.0
probaly,0.0
promote,0.0
pharaoh,0.0
percent greenhouse,0.0
promoting,0.0
pressure heat,0.0
people think,0.0
phones lunch,0.0
president counting,0.0
picks,0.0
would go,0.0
received,0.0
receives,0.0
would see,0.0
people community,0.0
people choose,0.0
receives popular,0.0
period,0.0
would get,0.0
picture actually,0.0
presidency percent,0.0
people cars,0.0
people cant,0.0
york,0.0
president also,0.0
picking electors,0.0
recieve,0.0
people could,0.0
people getting,0.0
reason think,0.0
president popular,0.0
president people,0.0
people feel,0.0
pick trash,0.0
picked,0.0
reason would,0.0
picking,0.0
reasonable,0.0
people electoral,0.0
president electors,0.0
president electoral,0.0
people different,0.0
reasons think,0.0
recently,0.0
recieved,0.0
would know,0.0
reduced,0.0
presented,0.0
present,0.0
people also,0.0
people agree,0.0
reducing,0.0
would students,0.0
pieces,0.0
referred,0.0
referred earths,0.0
preparing,0.0
prepares certificate,0.0
reflect,0.0
people actually,0.0
refused,0.0
refused vote,0.0
reduces,0.0
people always,0.0
recieves,0.0
would still,0.0
recieves majority,0.0
recognition,0.0
people believe,0.0
recognize,0.0
picture taken,0.0
recognize student,0.0
youd,0.0
people around,0.0
picture ten,0.0
presented venus,0.0
youd vote,0.0
people arent,0.0
reduce,0.0
reduce smog,0.0
people america,0.0
president richard,0.0
pick president,0.0
reason students,0.0
presidential candidates,0.0
people people,0.0
rarely betrayed,0.0
people opinions,0.0
rate,0.0
rates,0.0
would increase,0.0
wrong bradford,0.0
people one,0.0
rd,0.0
rd amendment,0.0
reach,0.0
react,0.0
reaction,0.0
would help,0.0
read emotional,0.0
presidential candidate,0.0
presidential canidate,0.0
people give,0.0
people right,0.0
radar,0.0
wrong candidate,0.0
radio talk,0.0
people talk,0.0
would probably,0.0
raise,0.0
would keep,0.0
people take,0.0
people still,0.0
random,0.0
range,0.0
presidential election,0.0
rare,0.0
yes,0.0
people say,0.0
presidental,0.0
read emotions,0.0
would put,0.0
reader,0.0
really good,0.0
people good,0.0
president states,0.0
really help,0.0
really know,0.0
would really,0.0
really need,0.0
president slate,0.0
really think,0.0
physically,0.0
written,0.0
really voting,0.0
people going,0.0
people go,0.0
really want,0.0
people help,0.0
people know,0.0
really bad,0.0
would greatly,0.0
people might,0.0
readers,0.0
reads,0.0
would hard,0.0
ready,0.0
people like,0.0
would rather,0.0
would great,0.0
real life,0.0
president want,0.0
president voting,0.0
reality,0.0
realize,0.0
realized,0.0
would give,0.0
walter,0.0
run country,0.0
things could,0.0
things need,0.0
things people,0.0
things would,0.0
think aliens,0.0
think best,0.0
wear,0.0
think community,0.0
think could,0.0
think driverless,0.0
think get,0.0
think going,0.0
ways humans,0.0
think great,0.0
think keep,0.0
think kids,0.0
think natural,0.0
think people,0.0
think policy,0.0
way would,0.0
think right,0.0
think single,0.0
think students,0.0
think thats,0.0
think use,0.0
way vote,0.0
things like,0.0
thing would,0.0
terms density,0.0
thing people,0.0
test,0.0
week,0.0
tested,0.0
tested chamber,0.0
testing,0.0
website,0.0
tests,0.0
texas,0.0
web surfers,0.0
text drive,0.0
text says,0.0
text states,0.0
web ad,0.0
th,0.0
th grade,0.0
thank,0.0
thanks,0.0
web,0.0
thats think,0.0
theyll,0.0
theyve,0.0
thick,0.0
thick atmosphere,0.0
thier,0.0
thing could,0.0
thinks,0.0
third,0.0
thirty,0.0
thomas,0.0
time family,0.0
time fun,0.0
time get,0.0
time make,0.0
time management,0.0
time money,0.0
time people,0.0
time school,0.0
way help,0.0
way go,0.0
time student,0.0
time students,0.0
time time,0.0
time work,0.0
time would,0.0
time year,0.0
times bigger,0.0
times greater,0.0
times sharper,0.0
tired,0.0
todays,0.0
todays society,0.0
together,0.0
told,0.0
way get,0.0
time day,0.0
time could,0.0
time consuming,0.0
throughout school,0.0
though mercury,0.0
thought would,0.0
way people,0.0
thoughtful,0.0
thoughtful voters,0.0
thoughts,0.0
way online,0.0
thousands,0.0
three decades,0.0
three weeks,0.0
threw,0.0
way make,0.0
time away,0.0
thrown,0.0
thrown house,0.0
ticket,0.0
tie electoral,0.0
ties,0.0
tight,0.0
tight races,0.0
way learn,0.0
till,0.0
time ago,0.0
time also,0.0
terrible,0.0
term,0.0
took picture,0.0
whatever,0.0
system allows,0.0
system awards,0.0
system could,0.0
system even,0.0
system state,0.0
system would,0.0
system wrong,0.0
systems,0.0
table,0.0
weve,0.0
take advantage,0.0
take away,0.0
take classes,0.0
take control,0.0
take online,0.0
take part,0.0
take pictures,0.0
take place,0.0
take samples,0.0
take time,0.0
taken away,0.0
taken shortly,0.0
takes,0.0
takes form,0.0
takes system,0.0
switch,0.0
whats going,0.0
weeks,0.0
survived,0.0
supports idea,0.0
suppose,0.0
whoever,0.0
sure students,0.0
surely,0.0
surface lasted,0.0
surface rocky,0.0
surface temperature,0.0
surface temperatures,0.0
surface venus,0.0
surfers,0.0
surfers waiting,0.0
surgery,0.0
whereas,0.0
surprise,0.0
surprise anger,0.0
surprised,0.0
whenever,0.0
surrounded,0.0
surrounding,0.0
surroundings,0.0
surveyor,0.0
surveyor flew,0.0
survivable humans,0.0
survive,0.0
taking care,0.0
taking classes,0.0
taking online,0.0
talk people,0.0
technology would,0.0
teen,0.0
teenager,0.0
teenagers,0.0
teens,0.0
well earthlike,0.0
tell friend,0.0
tell people,0.0
tell someone,0.0
tell us,0.0
telling,0.0
telling us,0.0
weird,0.0
tells,0.0
tells us,0.0
temperature,0.0
temperature planet,0.0
temperatures,0.0
temperatures average,0.0
ten,0.0
ten times,0.0
tend,0.0
weight political,0.0
weight,0.0
tense,0.0
technology make,0.0
technologies,0.0
werent,0.0
teacherdesigned project,0.0
talk shows,0.0
talked,0.0
talking,0.0
wether,0.0
tax,0.0
taxi,0.0
taxis,0.0
teach,0.0
teach students,0.0
teacher could,0.0
teacher would,0.0
teacherdesigned summer,0.0
technolgy,0.0
teachers design,0.0
teachers give,0.0
teachers know,0.0
teachers students,0.0
teachers would,0.0
teaches,0.0
teaching,0.0
team snapped,0.0
tech,0.0
technically,0.0
technically responsible,0.0
tons,0.0
tool,0.0
supported various,0.0
venus surface,0.0
venus value,0.0
venuse,0.0
venuss,0.0
venuss atmosphere,0.0
want know,0.0
venuss surface,0.0
victory,0.0
video conference,0.0
video conferences,0.0
video conferencing,0.0
video imagery,0.0
video surgery,0.0
videos,0.0
viewpoints,0.0
want keep,0.0
viking photos,0.0
vinci,0.0
virtual,0.0
want help,0.0
virtue,0.0
virtue malapportionment,0.0
virus,0.0
visit,0.0
visits,0.0
visual,0.0
venus three,0.0
venus still,0.0
various,0.0
venus sometimes,0.0
vary,0.0
vary electors,0.0
varying,0.0
vauban,0.0
vauban germany,0.0
vaubans,0.0
vehicle hovering,0.0
want play,0.0
want people,0.0
venus also,0.0
venus author,0.0
venus could,0.0
venus dangerous,0.0
venus earth,0.0
venus even,0.0
venus hottest,0.0
venus like,0.0
venus mars,0.0
venus may,0.0
venus one,0.0
venus planet,0.0
venus probably,0.0
venus second,0.0
want participate,0.0
want learn,0.0
vital,0.0
voices,0.0
volcanoes,0.0
volcanoes powerful,0.0
voters candidate,0.0
voters dont,0.0
voters get,0.0
voters largest,0.0
voters presidential,0.0
want express,0.0
want change,0.0
voters would,0.0
votes bush,0.0
votes cast,0.0
votes congress,0.0
votes count,0.0
votes dont,0.0
votes electoral,0.0
votes induces,0.0
votes people,0.0
votes president,0.0
votes state,0.0
voting candidates,0.0
voting electoral,0.0
voting electors,0.0
voting process,0.0
voting slate,0.0
wan na,0.0
waiting,0.0
want get,0.0
vote wrong,0.0
vote would,0.0
vote may,0.0
volleyball,0.0
vote also,0.0
vote candidate,0.0
vote congress,0.0
vote doesnt,0.0
vote dont,0.0
vote election,0.0
vote electoral,0.0
vote electors,0.0
vote john,0.0
vote lost,0.0
vote one,0.0
vote win,0.0
vote partys,0.0
vote people,0.0
vote person,0.0
vote popular,0.0
vote possible,0.0
vote presidential,0.0
vote qualified,0.0
vote system,0.0
vote vote,0.0
vote want,0.0
vote whomever,0.0
various forms,0.0
value insight,0.0
tools,0.0
travels earth,0.0
treated like,0.0
trend,0.0
tried,0.0
trip,0.0
watch,0.0
truly,0.0
trusted,0.0
trusted vote,0.0
try get,0.0
try new,0.0
trying get,0.0
trying make,0.0
trying say,0.0
wasting,0.0
tuesday first,0.0
turn potential,0.0
turning,0.0
turns,0.0
tutoring,0.0
tv,0.0
twenty,0.0
twice,0.0
war ii,0.0
twin,0.0
twin venus,0.0
treated,0.0
travels,0.0
valleys mountains,0.0
traveling,0.0
way elect,0.0
top,0.0
topics,0.0
tossup,0.0
tossup states,0.0
total,0.0
totally,0.0
touch,0.0
touched,0.0
touched venus,0.0
tough,0.0
toward,0.0
towards,0.0
track,0.0
tracks,0.0
way could,0.0
traffic jam,0.0
way better,0.0
traffic jams,0.0
trait,0.0
transport,0.0
transregional,0.0
transregional appeal,0.0
watching,0.0
travel,0.0
two senators,0.0
types,0.0
typically,0.0
ultimately,0.0
us know,0.0
us many,0.0
us people,0.0
us students,0.0
us would,0.0
usa,0.0
want students,0.0
want see,0.0
use cars,0.0
use class,0.0
use phone,0.0
use phones,0.0
use technology,0.0
useful,0.0
useless,0.0
want president,0.0
using cars,0.0
using cell,0.0
using electoral,0.0
using phone,0.0
using phones,0.0
using technology,0.0
usually,0.0
vacation,0.0
valid,0.0
us humans,0.0
us chamber,0.0
upset,0.0
unless,0.0
unable,0.0
uncomfortable,0.0
understand students,0.0
unfortunately,0.0
unhappy,0.0
unique,0.0
unit,0.0
wanted vote,0.0
units,0.0
universal,0.0
university,0.0
unlike,0.0
ups,0.0
want work,0.0
unlikely,0.0
unmanned,0.0
want vote,0.0
unmasking face,0.0
unnecessary,0.0
unrra,0.0
unsafe,0.0
unusual,0.0
upcoming school,0.0
upon,0.0
supporting,0.0
whole lot,0.0
runoff elections,0.0
shortly,0.0
shot,0.0
shown,0.0
shows martian,0.0
shut,0.0
shy,0.0
siblings,0.0
sidewalks,0.0
significant,0.0
significantly,0.0
signs,0.0
silicon,0.0
silicon carbide,0.0
similar earth,0.0
simple,0.0
simplified,0.0
simplified electronics,0.0
simply look,0.0
simulating,0.0
simulating chaos,0.0
single spaceship,0.0
sister,0.0
sister planet,0.0
site,0.0
sites,0.0
workers,0.0
shortly al,0.0
shopping,0.0
sending humans,0.0
shoes,0.0
sensor,0.0
sentence,0.0
serious,0.0
seriously,0.0
serve,0.0
service good,0.0
service great,0.0
service would,0.0
world better,0.0
seven,0.0
seventeen states,0.0
several,0.0
shacks,0.0
shadow,0.0
shadows giving,0.0
works,0.0
shadows made,0.0
shape,0.0
share,0.0
share electoral,0.0
share popular,0.0
sharper,0.0
shes,0.0
shift,0.0
ship,0.0
worked,0.0
six,0.0
six basic,0.0
size occasionally,0.0
soccer,0.0
work home,0.0
social interaction,0.0
social life,0.0
social media,0.0
socialize,0.0
work hard,0.0
software tracks,0.0
solar system,0.0
sold,0.0
sold car,0.0
solution,0.0
work ethic,0.0
solve problem,0.0
solved,0.0
work done,0.0
someone elses,0.0
someone make,0.0
someones,0.0
something bad,0.0
something dont,0.0
something else,0.0
something enjoy,0.0
something good,0.0
something like,0.0
snapped picture,0.0
snapped,0.0
snake river,0.0
slow,0.0
work would,0.0
skill,0.0
skip,0.0
work together,0.0
slate democratic,0.0
sleep,0.0
work time,0.0
sleeping,0.0
work summer,0.0
slight,0.0
slightly,0.0
slowly,0.0
snake,0.0
small,0.0
small state,0.0
small states,0.0
smaller,0.0
smaller states,0.0
work students,0.0
smart car,0.0
smart cars,0.0
smarter,0.0
walking,0.0
work school,0.0
sense,0.0
sending,0.0
something would,0.0
school day,0.0
school everyday,0.0
school get,0.0
school help,0.0
school home,0.0
school hours,0.0
school kids,0.0
school learn,0.0
school learning,0.0
school like,0.0
school make,0.0
school many,0.0
school may,0.0
school need,0.0
school online,0.0
school school,0.0
school sports,0.0
school student,0.0
school students,0.0
school system,0.0
school systems,0.0
school time,0.0
school use,0.0
school work,0.0
school would,0.0
schooled,0.0
school dont,0.0
school could,0.0
world war,0.0
would actually,0.0
runs,0.0
would become,0.0
rush,0.0
sad happy,0.0
sadness,0.0
samples,0.0
would agree,0.0
satisfied,0.0
save,0.0
saved,0.0
saving,0.0
saw,0.0
say electoral,0.0
say people,0.0
say students,0.0
say want,0.0
says paragraph,0.0
says venus,0.0
scared,0.0
scenario,0.0
schedules,0.0
school activities,0.0
school activity,0.0
school also,0.0
school better,0.0
schoolname,0.0
schools require,0.0
schools students,0.0
schoolwork,0.0
seek,0.0
seek advice,0.0
seek multiple,0.0
seeking,0.0
worried,0.0
seeking advice,0.0
worlds,0.0
seemed,0.0
seems,0.0
seems like,0.0
sees,0.0
segregationists,0.0
select,0.0
selected,0.0
selecting,0.0
world would,0.0
selection,0.0
selection electors,0.0
selects,0.0
selects slate,0.0
self,0.0
self driving,0.0
sell,0.0
senate decreed,0.0
senators,0.0
seeing,0.0
see students,0.0
see single,0.0
seagoing cowboy,0.0
scientific,0.0
scientist nasa,0.0
scientists,0.0
worthy pursuit,0.0
scores,0.0
screen,0.0
sea,0.0
sea level,0.0
worthy,0.0
worst,0.0
worse,0.0
seagoing cowboys,0.0
worry,0.0
seat,0.0
second opinion,0.0
second planet,0.0
seconds,0.0
section,0.0
sediment,0.0
sediment includes,0.0
worrying,0.0
see face,0.0
see many,0.0
see people,0.0
something new,0.0
something wrong,0.0
whomever,0.0
students complete,0.0
students design,0.0
students emotions,0.0
students enjoy,0.0
winner takes,0.0
students feel,0.0
students find,0.0
students freedom,0.0
students getting,0.0
students given,0.0
students go,0.0
winner take,0.0
winner electoral,0.0
students grade,0.0
students grades,0.0
students help,0.0
students home,0.0
students know,0.0
students learning,0.0
students least,0.0
students like,0.0
students likely,0.0
students make,0.0
students many,0.0
students may,0.0
win national,0.0
students continue,0.0
students community,0.0
student could,0.0
winnertakesall,0.0
winning focusing,0.0
student get,0.0
student learn,0.0
student may,0.0
student might,0.0
student take,0.0
student wants,0.0
student work,0.0
student would,0.0
studentdesigned summer,0.0
winning candidates,0.0
winnertakesall system,0.0
students ability,0.0
students able,0.0
students allowed,0.0
students already,0.0
students also,0.0
students always,0.0
students become,0.0
students benefit,0.0
students better,0.0
students cell,0.0
students chance,0.0
students choose,0.0
students come,0.0
students might,0.0
win electoral,0.0
win election,0.0
students need,0.0
subject,0.0
subjects,0.0
submarine,0.0
suburb,0.0
suburban,0.0
suburbs,0.0
succeed,0.0
succeeded,0.0
succeeded replacing,0.0
wich,0.0
successful,0.0
suffer,0.0
whose,0.0
suggests,0.0
suggests studying,0.0
sulfuric,0.0
sulfuric acid,0.0
summer assignment,0.0
whos,0.0
summer students,0.0
summer time,0.0
sun different,0.0
sun venus,0.0
super,0.0
supplies,0.0
style,0.0
stupid,0.0
stuff like,0.0
students students,0.0
students often,0.0
students parents,0.0
willing,0.0
students perform,0.0
students required,0.0
students school,0.0
students shouldnt,0.0
students something,0.0
students stay,0.0
students still,0.0
students struggle,0.0
students summer,0.0
wide,0.0
students take,0.0
students taking,0.0
students think,0.0
students time,0.0
widely regarded,0.0
students try,0.0
students understand,0.0
students wont,0.0
studied,0.0
studies,0.0
widely,0.0
student council,0.0
student becoming,0.0
sometime,0.0
spending,0.0
spent,0.0
spinning,0.0
sports activities,0.0
sports school,0.0
sports team,0.0
spot,0.0
spotted,0.0
wont get,0.0
spread,0.0
staff,0.0
wont able,0.0
stage,0.0
stand,0.0
standard,0.0
standards,0.0
star one,0.0
wonderful,0.0
starting,0.0
wonder,0.0
state along,0.0
state candidates,0.0
without much,0.0
without cars,0.0
state delegations,0.0
state electoral,0.0
spending time,0.0
spend time,0.0
winning presidential,0.0
speeds,0.0
sometimes get,0.0
sometimes people,0.0
somewhat,0.0
somewhere,0.0
somthing,0.0
soon,0.0
sort,0.0
sound,0.0
sounds,0.0
words,0.0
source paragraph,0.0
source two,0.0
sources,0.0
south carolina,0.0
word,0.0
spacecraft land,0.0
spacecraft survived,0.0
spacecrafts,0.0
spaceship,0.0
spaceship touched,0.0
speaking,0.0
special,0.0
specific,0.0
specifically,0.0
speech,0.0
state electors,0.0
state gets,0.0
state laws,0.0
state purposes,0.0
still able,0.0
still features,0.0
still need,0.0
stopped,0.0
stops,0.0
stores,0.0
storms,0.0
wispy,0.0
straight,0.0
strange,0.0
wish,0.0
street,0.0
wise,0.0
streets,0.0
stressed,0.0
strict,0.0
strive,0.0
striving,0.0
striving meet,0.0
strong,0.0
stronger,0.0
strongly believe,0.0
struggle,0.0
struggling,0.0
stuck,0.0
stick,0.0
steps,0.0
step,0.0
states like,0.0
state senator,0.0
state vote,0.0
stated source,0.0
statement,0.0
states america,0.0
states big,0.0
states dont,0.0
states electors,0.0
states get,0.0
states know,0.0
paper,0.0
states likely,0.0
steer,0.0
states people,0.0
states population,0.0
states vote,0.0
states winnertakeall,0.0
states would,0.0
stating,0.0
statistics,0.0
stay home,0.0
stay school,0.0
stayed,0.0
staying,0.0
smile face,0.0
abilities,0.0
panama,0.0
crisis,0.0
countrys,0.0
counts,0.0
county,0.0
court,0.0
covered,0.0
covered largely,0.0
craft,0.0
crashes,0.0
create projects,0.0
creating,0.0
creation,0.0
creator,0.0
credit,0.0
crisis century,0.0
counting electoral,0.0
critical,0.0
cross,0.0
culture,0.0
curious,0.0
current,0.0
currently,0.0
curricular,0.0
curricular activities,0.0
cut,0.0
cydonia first,0.0
da vinci,0.0
dad,0.0
daily,0.0
countries,0.0
counting,0.0
danger,0.0
could really,0.0
could also,0.0
could always,0.0
could change,0.0
could easily,0.0
could even,0.0
could find,0.0
could get,0.0
could give,0.0
could good,0.0
could happen,0.0
could lead,0.0
could made,0.0
could possibly,0.0
could recognize,0.0
counted,0.0
could say,0.0
could see,0.0
could supported,0.0
could take,0.0
could tell,0.0
could use,0.0
could used,0.0
could work,0.0
couldnt,0.0
couldve,0.0
council,0.0
count,0.0
count votes,0.0
damage,0.0
dangers doubts,0.0
cost,0.0
depend,0.0
defy people,0.0
degree,0.0
degrees fahrenheit,0.0
delegation,0.0
delegations,0.0
delegations vote,0.0
democrat,0.0
democratic electors,0.0
democratic modern,0.0
democratic pedigree,0.0
democrats,0.0
demonstration,0.0
dense,0.0
depending,0.0
defenses system,0.0
depends,0.0
depressed,0.0
depth,0.0
describe,0.0
describes,0.0
describing,0.0
deserve,0.0
design project,0.0
design projects,0.0
design summer,0.0
designed students,0.0
designed summer,0.0
designing,0.0
defy,0.0
defenses,0.0
dangers venus,0.0
debate,0.0
dark,0.0
data,0.0
date,0.0
day day,0.0
day school,0.0
day without,0.0
day would,0.0
days,0.0
dead,0.0
deal,0.0
dealing,0.0
dear,0.0
deaths,0.0
decades,0.0
defense electoral,0.0
decide election,0.0
decide president,0.0
decided,0.0
decides,0.0
deciding vote,0.0
decision making,0.0
declaring,0.0
decreased,0.0
decreed constitution,0.0
dedicated,0.0
deep,0.0
deepest,0.0
defense,0.0
costs,0.0
corrosive sulfuric,0.0
excel,0.0
comfort zone,0.0
college still,0.0
college vote,0.0
college votes,0.0
college voting,0.0
college way,0.0
college work,0.0
college would,0.0
colleges,0.0
colombia,0.0
columbia allocated,0.0
come back,0.0
comfort,0.0
comfort home,0.0
comfortable,0.0
college popular,0.0
coming,0.0
commerce,0.0
commerce aflcio,0.0
common around,0.0
communicate,0.0
communicating,0.0
communities,0.0
community services,0.0
companies,0.0
company,0.0
compare,0.0
competing,0.0
complain,0.0
college requires,0.0
college people,0.0
completed,0.0
cold,0.0
clear winner,0.0
clearly,0.0
clinton,0.0
close attention,0.0
close sea,0.0
closely,0.0
closer sun,0.0
closest distance,0.0
closest planet,0.0
clothes,0.0
clouds highly,0.0
cloudy,0.0
code,0.0
colleague,0.0
college might,0.0
collect,0.0
college also,0.0
college avoids,0.0
college best,0.0
college change,0.0
college electors,0.0
college even,0.0
college fair,0.0
college good,0.0
college invariably,0.0
college kept,0.0
college many,0.0
college may,0.0
complete assignment,0.0
completely driverless,0.0
corrosive,0.0
constructs,0.0
cons,0.0
consequences,0.0
consider lucky,0.0
consider state,0.0
consideration,0.0
considered,0.0
considering,0.0
consist,0.0
consists electors,0.0
conspiracy,0.0
constantly,0.0
constitution compromise,0.0
constitution district,0.0
constructs computer,0.0
connection,0.0
consuming,0.0
contact,0.0
content,0.0
continue learning,0.0
continues,0.0
control car,0.0
control electors,0.0
convenient,0.0
convey,0.0
convince,0.0
corner,0.0
correct,0.0
correctly,0.0
connections,0.0
connected,0.0
completing,0.0
conclusion think,0.0
completly,0.0
complex,0.0
complicated,0.0
comprehend,0.0
compromise,0.0
compromise election,0.0
computer constructs,0.0
computer could,0.0
computer software,0.0
concepts,0.0
concerns,0.0
conclude,0.0
conclusion electoral,0.0
condition,0.0
connect,0.0
conditions far,0.0
conditions venus,0.0
conduct,0.0
conference,0.0
conferences,0.0
confidence,0.0
confident,0.0
conflict,0.0
confused bored,0.0
confused electors,0.0
confusing,0.0
congress election,0.0
congressional delegation,0.0
desire,0.0
despised method,0.0
destination,0.0
email,0.0
electors treated,0.0
electors trusted,0.0
electors winning,0.0
electors would,0.0
electronics,0.0
electronics made,0.0
elementary,0.0
elementary school,0.0
eletoral,0.0
eliminate,0.0
elisabeth,0.0
elisabeth rosenthal,0.0
elses,0.0
emotion universal,0.0
electors pledged,0.0
emotions also,0.0
emotions like,0.0
enables,0.0
encounter,0.0
encounter earth,0.0
encouraged,0.0
end car,0.0
end day,0.0
endeavors,0.0
ended,0.0
energy,0.0
engage,0.0
english,0.0
electors selected,0.0
electors meeting,0.0
enjoyed,0.0
electing,0.0
effective human,0.0
effectively,0.0
effects,0.0
efficient,0.0
efficiently,0.0
egyptian,0.0
eight,0.0
either,0.0
either way,0.0
elctoral,0.0
elctoral college,0.0
elect president,0.0
elected president,0.0
electing president,0.0
electors generally,0.0
election electoral,0.0
election held,0.0
election kind,0.0
election process,0.0
elections people,0.0
electoral colleges,0.0
electorial college,0.0
electors chosen,0.0
electors could,0.0
electors elect,0.0
electors electoral,0.0
electors electors,0.0
electors equals,0.0
enjoyable,0.0
enjoying,0.0
detail,0.0
everyone different,0.0
event,0.0
events,0.0
eventually,0.0
ever since,0.0
every day,0.0
every four,0.0
every one,0.0
every person,0.0
every single,0.0
every state,0.0
every time,0.0
every year,0.0
everyday life,0.0
everyone else,0.0
even worse,0.0
everyone would,0.0
everyones,0.0
everyones president,0.0
everywhere,0.0
exact,0.0
exactly,0.0
examine,0.0
examine closely,0.0
example one,0.0
example students,0.0
example would,0.0
examples,0.0
exceed,0.0
evening star,0.0
even vote,0.0
enough time,0.0
equivalent butte,0.0
ensures,0.0
entertainment,0.0
entire,0.0
entirely,0.0
entitled,0.0
enviorment,0.0
enviroment,0.0
environment would,0.0
equally,0.0
equally intimidating,0.0
equals,0.0
equipment,0.0
equivalent,0.0
error,0.0
even small,0.0
erupting,0.0
erupting volcanoes,0.0
essay,0.0
established constitution,0.0
etc,0.0
ethic,0.0
even bestlaid,0.0
even better,0.0
even challenging,0.0
even get,0.0
even help,0.0
even know,0.0
even number,0.0
effect,0.0
educators,0.0
education system,0.0
dispute popular,0.0
disabilities,0.0
disadvantages,0.0
discovered,0.0
discuss,0.0
discussion,0.0
disgust,0.0
disgust fear,0.0
disgusted,0.0
disgusted percent,0.0
dislike,0.0
displays,0.0
dispute,0.0
dispute outcome,0.0
distant,0.0
direct election,0.0
distract,0.0
distracted,0.0
distracted driving,0.0
distraction,0.0
district columbia,0.0
diverse,0.0
diving,0.0
doctor,0.0
doctors,0.0
doesnt even,0.0
doesnt make,0.0
doesnt matter,0.0
doesnt mean,0.0
directions,0.0
dioxide blankets,0.0
educated,0.0
die,0.0
detect,0.0
determined,0.0
develop,0.0
developed,0.0
developing,0.0
development driverless,0.0
device,0.0
devices,0.0
didnt even,0.0
didnt get,0.0
didnt know,0.0
didnt see,0.0
didnt want,0.0
died,0.0
digital,0.0
diesel,0.0
differences,0.0
different ideas,0.0
different opinions,0.0
different point,0.0
different speeds,0.0
different things,0.0
different way,0.0
different ways,0.0
differently,0.0
difficulties,0.0
difficulty,0.0
diffrent,0.0
dog,0.0
dole,0.0
dole us,0.0
early,0.0
driveways,0.0
driving ban,0.0
driving car,0.0
driving cars,0.0
driving due,0.0
driving less,0.0
drop,0.0
drunk,0.0
due fact,0.0
due lack,0.0
due smog,0.0
dumb,0.0
earlier,0.0
earn,0.0
dollars,0.0
earth like,0.0
earth terms,0.0
earth venus,0.0
earthlike,0.0
earthlike planet,0.0
earthquakes,0.0
earthquakes frequent,0.0
earths twin,0.0
ease,0.0
eat,0.0
eating,0.0
economy,0.0
edges,0.0
drives,0.0
driverless car,0.0
driver take,0.0
driven,0.0
dome,0.0
dome takes,0.0
dont agree,0.0
dont always,0.0
dont believe,0.0
dont care,0.0
dont go,0.0
dont let,0.0
dont make,0.0
dont need,0.0
dont really,0.0
dont take,0.0
dont time,0.0
dont understand,0.0
dont vote,0.0
dosent,0.0
doubt,0.0
doubts,0.0
doubts expanded,0.0
dr huang,0.0
dr paul,0.0
drama,0.0
drastically,0.0
dream,0.0
driveless,0.0
driveless car,0.0
driveless cars,0.0
cleaning,0.0
classwork,0.0
classrooms,0.0
april mars,0.0
ap,0.0
apart,0.0
appeal,0.0
appear,0.0
appeared,0.0
appears,0.0
appears screen,0.0
applied,0.0
apply,0.0
applying,0.0
approach,0.0
approaches,0.0
appropriate,0.0
area,0.0
anyways,0.0
areas united,0.0
argued,0.0
argued electoral,0.0
arguement,0.0
argument electoral,0.0
arguments,0.0
arguments favor,0.0
around american,0.0
around degrees,0.0
around school,0.0
around world,0.0
art,0.0
artical,0.0
anywhere,0.0
anyway,0.0
article states,0.0
ancient,0.0
amendment constitution,0.0
american,0.0
american people,0.0
american west,0.0
americans,0.0
americas,0.0
among,0.0
amount people,0.0
amount time,0.0
amount votes,0.0
amount work,0.0
amounts,0.0
anachronism nondemocratic,0.0
andor,0.0
anytime,0.0
anger,0.0
anger disgust,0.0
animal,0.0
another planet,0.0
another student,0.0
another thing,0.0
another way,0.0
answer,0.0
anxiety,0.0
anxious,0.0
anybody,0.0
anymore,0.0
anything humans,0.0
article author,0.0
artifact,0.0
balance large,0.0
avoids,0.0
author also,0.0
author gives,0.0
author suggests,0.0
author talks,0.0
authors,0.0
auto,0.0
automatically,0.0
automobiles,0.0
available,0.0
average degrees,0.0
avoid,0.0
avoided,0.0
avoiding,0.0
avoids problem,0.0
attention road,0.0
award,0.0
awarding,0.0
awarding electoral,0.0
awards,0.0
awards electors,0.0
aware,0.0
away school,0.0
away stress,0.0
awesome,0.0
baby,0.0
back school,0.0
background,0.0
bad thing,0.0
audience,0.0
attention presidential,0.0
ask help,0.0
assignment,0.0
ask multiple,0.0
ask one,0.0
ask questions,0.0
ask someone,0.0
asking multiple,0.0
asking one,0.0
asking people,0.0
asks,0.0
asleep,0.0
assertions,0.0
assertions without,0.0
assign,0.0
assigning,0.0
assistance,0.0
attention campaign,0.0
associated,0.0
assume,0.0
astronomers,0.0
astronomers fascinated,0.0
atlantic,0.0
atleast,0.0
atmosphere almost,0.0
atmospheric pressure,0.0
attempt,0.0
attend class,0.0
attend online,0.0
attend school,0.0
attending school,0.0
always tense,0.0
always good,0.0
always defy,0.0
activity school,0.0
accustomed,0.0
achieve,0.0
acid,0.0
acid venuss,0.0
across,0.0
act,0.0
acting,0.0
action unit,0.0
actions,0.0
active,0.0
activities help,0.0
activities school,0.0
activities would,0.0
activity students,0.0
account,0.0
activity would,0.0
activitys,0.0
actual,0.0
actually shows,0.0
actually voting,0.0
ad appears,0.0
adapt,0.0
adding,0.0
addition,0.0
additional,0.0
adjust,0.0
administration,0.0
ads,0.0
accurate,0.0
according source,0.0
although may,0.0
able tell,0.0
able attend,0.0
able choose,0.0
able design,0.0
able get,0.0
able go,0.0
able help,0.0
able learn,0.0
able make,0.0
able participate,0.0
able play,0.0
able read,0.0
able see,0.0
able take,0.0
able use,0.0
according gallup,0.0
able work,0.0
abolish electoral,0.0
abolishing,0.0
abolishing electoral,0.0
absolutely,0.0
academic,0.0
academically,0.0
academics,0.0
accelerate,0.0
accept,0.0
accessible,0.0
accident,0.0
according article,0.0
adult,0.0
advance,0.0
advancements,0.0
also get,0.0
allotment electors,0.0
allow students,0.0
allowed use,0.0
allows much,0.0
alone,0.0
along names,0.0
alot people,0.0
aloud,0.0
already know,0.0
also able,0.0
also could,0.0
also dont,0.0
also electoral,0.0
also give,0.0
advantage,0.0
also gives,0.0
also good,0.0
also help,0.0
also helps,0.0
also human,0.0
also make,0.0
also many,0.0
also people,0.0
also says,0.0
also see,0.0
also would,0.0
alternative,0.0
although many,0.0
allotment,0.0
allocated electors,0.0
allocated,0.0
alike,0.0
adventure,0.0
advice one,0.0
advice others,0.0
advice people,0.0
advise,0.0
affect,0.0
affected,0.0
affects,0.0
afford,0.0
afraid,0.0
ago,0.0
ago venus,0.0
agree students,0.0
agreed,0.0
aid,0.0
air global,0.0
air pollution,0.0
air pressure,0.0
airplanes,0.0
alert,0.0
alien life,0.0
alien markings,0.0
alien monument,0.0
aliens created,0.0
aliens made,0.0
aliens real,0.0
aliens would,0.0
bad things,0.0
ball,0.0
classroom valuable,0.0
cars coming,0.0
carbide tested,0.0
carbon dioxide,0.0
career,0.0
careful,0.0
carefully,0.0
cares,0.0
carfree,0.0
carfree day,0.0
caring,0.0
carolina,0.0
carry,0.0
carrying,0.0
carrying state,0.0
cars could,0.0
car use,0.0
cars drive,0.0
cars driving,0.0
cars good,0.0
cars home,0.0
cars may,0.0
cars people,0.0
cars still,0.0
carter,0.0
carter bob,0.0
casts,0.0
catch,0.0
cattle boat,0.0
cause problems,0.0
car would,0.0
car move,0.0
cellphones,0.0
candidates electors,0.0
calm,0.0
came,0.0
campaign ad,0.0
campaign seventeen,0.0
campaigns,0.0
campus,0.0
candiate,0.0
candidate actually,0.0
candidate hope,0.0
candidate wins,0.0
candidate youre,0.0
candidates campaign,0.0
candidates dont,0.0
candidates political,0.0
car free,0.0
candidates ran,0.0
candidates share,0.0
canidates,0.0
capital,0.0
captured,0.0
car accident,0.0
car accidents,0.0
car always,0.0
car companies,0.0
car could,0.0
car culture,0.0
car drive,0.0
car driving,0.0
caused,0.0
center,0.0
ban clear,0.0
class room,0.0
choose states,0.0
choose want,0.0
chooses,0.0
choosing,0.0
choosing president,0.0
chosen candidates,0.0
circumstances,0.0
cities,0.0
citizen,0.0
citizens united,0.0
citizens vote,0.0
civilization,0.0
claims,0.0
class students,0.0
check,0.0
class teacher,0.0
class time,0.0
class work,0.0
class would,0.0
classes online,0.0
classes school,0.0
classes students,0.0
classes would,0.0
classified,0.0
classified six,0.0
classmates,0.0
classroom computer,0.0
classroom setting,0.0
childs,0.0
cheating,0.0
central,0.0
chamber simulating,0.0
century,0.0
century system,0.0
certainly,0.0
certainty,0.0
certainty outcome,0.0
certificate ascertainment,0.0
challenge presented,0.0
challenges,0.0
challenging,0.0
challenging clouds,0.0
challenging place,0.0
challenging planet,0.0
chamber commerce,0.0
chance winning,0.0
cheat,0.0
chances,0.0
change election,0.0
change electoral,0.0
change mind,0.0
change way,0.0
change world,0.0
changes,0.0
changing election,0.0
chaos,0.0
chaos venuss,0.0
character,0.0
characteristic,0.0
charge,0.0
calls,0.0
calling,0.0
called facial,0.0
bestlaid defenses,0.0
beneficial students,0.0
benefit online,0.0
benefit students,0.0
benifit,0.0
besides,0.0
best argument,0.0
best arguments,0.0
best decision,0.0
best friend,0.0
best option,0.0
best thing,0.0
best way,0.0
bestlaid,0.0
bet,0.0
believed,0.0
better chance,0.0
better choice,0.0
better choices,0.0
better decision,0.0
better grades,0.0
better one,0.0
better people,0.0
better place,0.0
better school,0.0
better students,0.0
better understanding,0.0
better way,0.0
better ways,0.0
believes,0.0
believe would,0.0
call parents,0.0
become president,0.0
bans driving,0.0
barely,0.0
base,0.0
baseball,0.0
basic,0.0
basic emotions,0.0
basic level,0.0
basis,0.0
basis reality,0.0
basketball,0.0
beacuse,0.0
beautiful,0.0
becasue,0.0
becoming,0.0
believe students,0.0
becoming confused,0.0
becuse,0.0
bed,0.0
beginning,0.0
begins,0.0
begins computer,0.0
behavior,0.0
behind wheel,0.0
beleive,0.0
beliefs,0.0
believe electoral,0.0
believe face,0.0
believe keep,0.0
beyond limited,0.0
biased,0.0
bicycle,0.0
brought,0.0
break school,0.0
break students,0.0
breaking,0.0
breaks,0.0
breath,0.0
bright,0.0
brightest points,0.0
bring phones,0.0
bring smile,0.0
bringing,0.0
brings,0.0
broken,0.0
brother,0.0
budget,0.0
big deal,0.0
build,0.0
building,0.0
built,0.0
bullied,0.0
bullying,0.0
bunch,0.0
bus,0.0
bush,0.0
business,0.0
calculate,0.0
calculation,0.0
california,0.0
call disaster,0.0
brakes,0.0
brake,0.0
brains,0.0
bradford plumer,0.0
big hit,0.0
big part,0.0
big states,0.0
bigger states,0.0
biggest,0.0
biggest election,0.0
bike,0.0
bikes,0.0
bill,0.0
bills,0.0
bit,0.0
blame,0.0
blankets,0.0
blimp,0.0
blimplike,0.0
board,0.0
bob,0.0
bob dole,0.0
body,0.0
bogota colombia,0.0
bomberger,0.0
book,0.0
books magazines,0.0
bother,0.0
bound,0.0
box,0.0
boy,0.0
exceeds,0.0
except,0.0
painted,0.0
make new,0.0
majority votes,0.0
make best,0.0
make choice,0.0
make community,0.0
make decisions,0.0
make difference,0.0
make easier,0.0
make face,0.0
make feel,0.0
make friends,0.0
make good,0.0
make kids,0.0
make look,0.0
make school,0.0
majority students,0.0
make sense,0.0
make something,0.0
make summer,0.0
make things,0.0
make us,0.0
makes sense,0.0
making decision,0.0
making mona,0.0
making students,0.0
making sure,0.0
malapportionment,0.0
malapportionment senate,0.0
malin,0.0
majority vote,0.0
majority people,0.0
mandatory,0.0
lower,0.0
looked like,0.0
loose,0.0
lose,0.0
lose virtue,0.0
loss,0.0
lost presidency,0.0
lot money,0.0
lot students,0.0
lot things,0.0
lot time,0.0
louisiana,0.0
louisiana legislature,0.0
loved,0.0
lucky,0.0
majority electoral,0.0
lucky fiasco,0.0
luke bomberger,0.0
lunch free,0.0
lunch periods,0.0
lying,0.0
made look,0.0
made silicon,0.0
magazines radio,0.0
main reason,0.0
maine,0.0
mainly,0.0
maintain,0.0
major muscles,0.0
man,0.0
manner,0.0
look forward,0.0
may well,0.0
may even,0.0
may feel,0.0
may find,0.0
may get,0.0
may help,0.0
may know,0.0
may like,0.0
may need,0.0
may seem,0.0
may take,0.0
may think,0.0
may turn,0.0
may want,0.0
maybe even,0.0
may cause,0.0
meaning,0.0
meant,0.0
mechanical,0.0
mechanical computers,0.0
media,0.0
media markets,0.0
medical,0.0
meet challenge,0.0
meet edges,0.0
meet new,0.0
member house,0.0
members,0.0
members congressional,0.0
may decide,0.0
may believe,0.0
manufacturers,0.0
markings,0.0
many benefits,0.0
many different,0.0
many equally,0.0
many kids,0.0
many problems,0.0
many schools,0.0
many states,0.0
many teachers,0.0
many things,0.0
many times,0.0
many years,0.0
markets,0.0
markets didnt,0.0
markings hidden,0.0
may also,0.0
mars created,0.0
mars face,0.0
mars global,0.0
mars orbiter,0.0
mars would,0.0
martian equivalent,0.0
martian mesa,0.0
massive,0.0
materials,0.0
math,0.0
matters,0.0
maximum,0.0
may able,0.0
looked,0.0
longer,0.0
excited,0.0
learns,0.0
learn home,0.0
learn new,0.0
learn something,0.0
learners,0.0
learning allows,0.0
learning break,0.0
learning environment,0.0
learning experience,0.0
learning home,0.0
learning new,0.0
learning students,0.0
learning summer,0.0
learning would,0.0
least average,0.0
leading,0.0
least one,0.0
leave cars,0.0
leaves,0.0
leaving,0.0
led,0.0
legislature,0.0
legislature nearly,0.0
legislatures,0.0
legislatures technically,0.0
less likely,0.0
less stress,0.0
lesson like,0.0
lessons,0.0
learn better,0.0
leadership,0.0
let people,0.0
last long,0.0
landing,0.0
landing hours,0.0
landscape,0.0
landslide,0.0
language,0.0
large state,0.0
largely,0.0
largely oceans,0.0
larger,0.0
larger states,0.0
largest,0.0
largest media,0.0
last least,0.0
last reason,0.0
leaders,0.0
last year,0.0
lasted,0.0
lasted three,0.0
later,0.0
later life,0.0
latest,0.0
lava,0.0
lava dome,0.0
law,0.0
laws vary,0.0
laziness,0.0
lazy,0.0
lead us,0.0
let know,0.0
lets,0.0
long time,0.0
limited dangers,0.0
like said,0.0
like school,0.0
like something,0.0
like sports,0.0
like state,0.0
like students,0.0
like would,0.0
liked,0.0
likely dispute,0.0
likely get,0.0
likely lead,0.0
likely pay,0.0
likes,0.0
limits,0.0
like people,0.0
line,0.0
lips,0.0
lisa smile,0.0
list,0.0
listening,0.0
listing,0.0
little bit,0.0
lived texas,0.0
local,0.0
location,0.0
long ago,0.0
long enough,0.0
long run,0.0
like planet,0.0
like idea,0.0
lets say,0.0
life skills,0.0
letting,0.0
letting students,0.0
level,0.0
level earth,0.0
level electoral,0.0
levels,0.0
library,0.0
license plates,0.0
licenses,0.0
lie,0.0
life goes,0.0
life like,0.0
life mars,0.0
life would,0.0
like human,0.0
lifes,0.0
lifestyle,0.0
lifetime,0.0
light night,0.0
lighting,0.0
lightning,0.0
lightning strikes,0.0
lights,0.0
like could,0.0
like dont,0.0
like effective,0.0
like egyptian,0.0
like help,0.0
men,0.0
mental,0.0
mental health,0.0
oceans,0.0
number members,0.0
number one,0.0
number votes,0.0
numbers,0.0
numerous,0.0
objects,0.0
obstacles,0.0
obtain,0.0
obvious,0.0
obviously,0.0
occasionally,0.0
occasionally closest,0.0
ocean,0.0
oceans could,0.0
nowadays,0.0
odd,0.0
offered,0.0
offering,0.0
offers,0.0
office federal,0.0
official,0.0
often referred,0.0
oh,0.0
ohio,0.0
okay,0.0
old,0.0
older,0.0
one another,0.0
number,0.0
november,0.0
one brightest,0.0
nine,0.0
new information,0.0
new people,0.0
new president,0.0
new software,0.0
new technology,0.0
new way,0.0
news,0.0
next day,0.0
next school,0.0
next time,0.0
next year,0.0
nice,0.0
night sky,0.0
nixon clinton,0.0
notify driver,0.0
nixon jimmy,0.0
nobody,0.0
non,0.0
nondemocratic method,0.0
none,0.0
normal,0.0
normally,0.0
north,0.0
nose mouth,0.0
notes,0.0
notice,0.0
noticed,0.0
notify,0.0
one best,0.0
one could,0.0
mentally,0.0
others may,0.0
oppose,0.0
oppose john,0.0
opposing,0.0
opposite,0.0
option planetary,0.0
orbit,0.0
orbiter,0.0
orbiter camera,0.0
orbiting,0.0
organization,0.0
organize,0.0
organized,0.0
original,0.0
others might,0.0
opportunities,0.0
otherwise,0.0
ought,0.0
outcome,0.0
outcome electoral,0.0
outcomes,0.0
outdated irrational,0.0
outside school,0.0
outweigh,0.0
overcome,0.0
overruled declaring,0.0
owner,0.0
paid,0.0
paint,0.0
opportunity take,0.0
opinion think,0.0
one example,0.0
one time,0.0
one extracurricular,0.0
one main,0.0
one many,0.0
one member,0.0
one one,0.0
one opinion,0.0
one persons,0.0
one point,0.0
one reason,0.0
one reasons,0.0
one side,0.0
one student,0.0
one thing,0.0
one two,0.0
operating vehicle,0.0
one wants,0.0
one way,0.0
one would,0.0
ones,0.0
online course,0.0
online education,0.0
online home,0.0
online learning,0.0
online schooling,0.0
online students,0.0
onto,0.0
opened,0.0
operating,0.0
new ideas,0.0
new electors,0.0
new computer,0.0
model face,0.0
minimum,0.0
minute,0.0
minutes,0.0
mirror,0.0
miss,0.0
missed,0.0
missing,0.0
missions,0.0
mistake,0.0
mistakes,0.0
mixed,0.0
mixed emotions,0.0
mobile,0.0
model must,0.0
mindset,0.0
modern sense,0.0
modify,0.0
modify lesson,0.0
mom,0.0
monday november,0.0
month,0.0
monument,0.0
mood,0.0
moon,0.0
moreover,0.0
morning,0.0
mostly,0.0
mostly assertions,0.0
mine,0.0
minds,0.0
nevertheless,0.0
middle butte,0.0
mention,0.0
mentioned,0.0
mentions,0.0
mercury,0.0
mesa common,0.0
mess,0.0
met,0.0
metals,0.0
meters,0.0
method choosing,0.0
mgs,0.0
michael,0.0
michael malin,0.0
middle school,0.0
millions,0.0
might able,0.0
might call,0.0
might even,0.0
might get,0.0
might know,0.0
might like,0.0
might make,0.0
might need,0.0
might say,0.0
might take,0.0
might think,0.0
might want,0.0
million voters,0.0
mother,0.0
motivated,0.0
motor,0.0
need advice,0.0
nations,0.0
nationwide,0.0
natural land,0.0
natural landforms,0.0
naturally,0.0
nature,0.0
near,0.0
nearest,0.0
nearly,0.0
nearly succeeded,0.0
nebraska,0.0
necessarily,0.0
necessary,0.0
need change,0.0
move like,0.0
need get,0.0
need go,0.0
need know,0.0
need learn,0.0
need make,0.0
need take,0.0
needing,0.0
needs help,0.0
negatively,0.0
neighbor,0.0
neutral,0.0
neutral face,0.0
never know,0.0
national popular,0.0
nation,0.0
nasa would,0.0
nasa working,0.0
moved,0.0
movement,0.0
movements,0.0
movements facial,0.0
movie,0.0
movies,0.0
moving facial,0.0
mr,0.0
much basis,0.0
much easier,0.0
much happier,0.0
much say,0.0
much time,0.0
much work,0.0
much worse,0.0
mules,0.0
multiple peoples,0.0
muscles called,0.0
muscles model,0.0
music,0.0
musical,0.0
must move,0.0
must participate,0.0
named,0.0
names,0.0
names respective,0.0
nasa trying,0.0
landforms common,0.0
landform alien,0.0
land venus,0.0
get better,0.0
generally chosen,0.0
generation,0.0
generations,0.0
genericname,0.0
genericschool,0.0
geology,0.0
george,0.0
george bush,0.0
german,0.0
german suburb,0.0
get advice,0.0
get around,0.0
get back,0.0
get bored,0.0
gasoline,0.0
get car,0.0
get caught,0.0
get chance,0.0
get choose,0.0
get close,0.0
get confused,0.0
get distracted,0.0
get education,0.0
get electoral,0.0
get good,0.0
get help,0.0
get home,0.0
get hurt,0.0
general,0.0
gases,0.0
get job,0.0
front,0.0
forms,0.0
forms life,0.0
forth,0.0
forward,0.0
founding,0.0
founding fathers,0.0
fray,0.0
french,0.0
frequent,0.0
frequent lightning,0.0
friend feeling,0.0
friend genericname,0.0
friends family,0.0
frown,0.0
gas emissions,0.0
fuel,0.0
fully,0.0
function,0.0
functions,0.0
furthermore,0.0
gain,0.0
gained,0.0
gained planet,0.0
gaining,0.0
gallup,0.0
gallup poll,0.0
game,0.0
garbage,0.0
get information,0.0
get much,0.0
greenhouse gas,0.0
good way,0.0
gon na,0.0
good advice,0.0
good enough,0.0
good grade,0.0
good grades,0.0
good job,0.0
good opportunity,0.0
good people,0.0
good reason,0.0
good reasons,0.0
good students,0.0
good thing,0.0
good things,0.0
google,0.0
going help,0.0
gore popular,0.0
gotten,0.0
goverment,0.0
governor,0.0
governor prepares,0.0
gps,0.0
grade average,0.0
grading,0.0
graduate,0.0
great idea,0.0
great thing,0.0
great way,0.0
greece,0.0
going school,0.0
going around,0.0
get multiple,0.0
give students,0.0
get one,0.0
get people,0.0
get rid,0.0
get school,0.0
get see,0.0
get votes,0.0
get work,0.0
gets attention,0.0
getting advice,0.0
getting multiple,0.0
getting rid,0.0
girl,0.0
give people,0.0
give us,0.0
goes without,0.0
given opportunity,0.0
gives us,0.0
giving illusion,0.0
giving students,0.0
global city,0.0
global surveyor,0.0
go back,0.0
go get,0.0
go home,0.0
go venus,0.0
go vote,0.0
go wrong,0.0
goals,0.0
formed shadows,0.0
form isolated,0.0
forget,0.0
fake smile,0.0
facing,0.0
factor,0.0
factors,0.0
fahrenheit,0.0
fahrenheit atmospheric,0.0
failed,0.0
failing,0.0
fails,0.0
fair people,0.0
fairly,0.0
faithless,0.0
faithless electors,0.0
fake,0.0
fall behind,0.0
facial expression,0.0
falling,0.0
false,0.0
familiar,0.0
familiar features,0.0
families,0.0
family friends,0.0
family member,0.0
famous,0.0
fantastic,0.0
far away,0.0
far extreme,0.0
farm,0.0
fascinated,0.0
facial muscles,0.0
facial action,0.0
forever,0.0
explanation,0.0
exciting,0.0
exercise,0.0
expand,0.0
expanded meet,0.0
expect,0.0
expectations,0.0
expected,0.0
expensive,0.0
experiment,0.0
experts,0.0
explained,0.0
explaining,0.0
explains,0.0
exposed,0.0
faced,0.0
express political,0.0
expresses,0.0
expressing,0.0
expression,0.0
expressive,0.0
extra curricular,0.0
extreme anything,0.0
eye,0.0
eyes nose,0.0
face alien,0.0
face could,0.0
face created,0.0
face major,0.0
fascinated venus,0.0
fast,0.0
faster,0.0
flaws,0.0
final decision,0.0
final reason,0.0
find new,0.0
fined,0.0
finished,0.0
first monday,0.0
first place,0.0
first time,0.0
fit,0.0
fits,0.0
five reasons,0.0
fixed,0.0
flawed,0.0
flew,0.0
fate,0.0
flew cydonia,0.0
flexibility,0.0
flexible,0.0
float,0.0
float fray,0.0
fly,0.0
focused,0.0
focusing tight,0.0
follow,0.0
following,0.0
football,0.0
force,0.0
forces,0.0
final,0.0
film,0.0
filled,0.0
fill,0.0
father,0.0
fathers established,0.0
fault,0.0
favor keeping,0.0
favor mostly,0.0
favorite,0.0
fear,0.0
fear sadness,0.0
fearful,0.0
fearful percent,0.0
feature,0.0
features,0.0
features valleys,0.0
federal register,0.0
feed,0.0
feel better,0.0
feel comfortable,0.0
feeling simply,0.0
feels,0.0
feet,0.0
fell,0.0
fellow,0.0
fencing,0.0
fewer,0.0
fiasco biggest,0.0
fight,0.0
fights,0.0
green,0.0
grocery,0.0
land surface,0.0
injured,0.0
increases,0.0
increasing,0.0
incredibly,0.0
indefensible,0.0
indefensible electoral,0.0
independence,0.0
independent,0.0
induces,0.0
industry,0.0
ineffective,0.0
influence,0.0
inform,0.0
informed,0.0
innovation,0.0
including,0.0
innovations,0.0
input,0.0
inside,0.0
insight,0.0
insight gained,0.0
inspire,0.0
instructions,0.0
instructor,0.0
insurance,0.0
intended,0.0
interact,0.0
interactions,0.0
interesting,0.0
increased,0.0
includes familiar,0.0
intimidating,0.0
impediments,0.0
identify,0.0
identify human,0.0
identify mixed,0.0
ii,0.0
illegal,0.0
illness,0.0
illusion eyes,0.0
im going,0.0
image first,0.0
imagery,0.0
images,0.0
imagination,0.0
imagination innovation,0.0
impediments like,0.0
includes,0.0
implement,0.0
implemented,0.0
importance,0.0
important students,0.0
important thing,0.0
importantly,0.0
impressive,0.0
improved,0.0
improvement,0.0
improving,0.0
incentive,0.0
include,0.0
included,0.0
internet,0.0
intimidating endeavors,0.0
grocery store,0.0
know could,0.0
key,0.0
kicked,0.0
kid,0.0
kids dont,0.0
kids get,0.0
kids need,0.0
kids school,0.0
kids would,0.0
kill,0.0
killed,0.0
kinds,0.0
knew,0.0
know chance,0.0
know dont,0.0
kerry,0.0
know electoral,0.0
know exactly,0.0
know going,0.0
know much,0.0
know people,0.0
know person,0.0
know student,0.0
know students,0.0
know venus,0.0
know would,0.0
knows,0.0
lack democratic,0.0
land form,0.0
kerry youd,0.0
kept,0.0
introduced,0.0
jams,0.0
introduction,0.0
invariably,0.0
invented,0.0
invention,0.0
island,0.0
island south,0.0
isolated,0.0
isolated mesa,0.0
italy,0.0
itll,0.0
ive,0.0
jail,0.0
jam,0.0
jimmy,0.0
keeps,0.0
jimmy carter,0.0
john,0.0
john kennedy,0.0
john kerry,0.0
join club,0.0
join program,0.0
joined,0.0
joining,0.0
jpl,0.0
keep despised,0.0
keep going,0.0
keep grades,0.0
keep students,0.0
ideal,0.0
idea would,0.0
idea studying,0.0
heavily,0.0
harmful,0.0
harsh,0.0
harsh conditions,0.0
hasnt,0.0
hate,0.0
hawaii,0.0
haze,0.0
health,0.0
healthier,0.0
heard,0.0
hearing,0.0
heart,0.0
heat,0.0
heidrun,0.0
harder,0.0
height face,0.0
held every,0.0
help choose,0.0
help find,0.0
help get,0.0
help kids,0.0
help learn,0.0
help lot,0.0
help many,0.0
help need,0.0
help others,0.0
help people,0.0
help person,0.0
harm,0.0
hard work,0.0
idea students,0.0
hall,0.0
ground,0.0
ground conditions,0.0
group people,0.0
groups,0.0
growing,0.0
growth,0.0
guess,0.0
guidance,0.0
guidelines,0.0
guy,0.0
guys,0.0
gym,0.0
habits,0.0
hand,0.0
hard time,0.0
handle,0.0
hands,0.0
hang,0.0
hang friends,0.0
happend,0.0
happens,0.0
happier,0.0
happier way,0.0
happiness surprise,0.0
happy face,0.0
happy percent,0.0
happy sad,0.0
hard get,0.0
help school,0.0
help someone,0.0
help student,0.0
huge rock,0.0
honestly,0.0
hope,0.0
hopefully,0.0
horrible,0.0
hospital,0.0
hostile conditions,0.0
hottest,0.0
hottest surface,0.0
hour,0.0
house representatives,0.0
houses,0.0
hovering miles,0.0
huang,0.0
human curiosity,0.0
help teacher,0.0
human driver,0.0
human emotions,0.0
human face,0.0
human head,0.0
human instructor,0.0
human muscles,0.0
humans encounter,0.0
humans study,0.0
hundred,0.0
hurt,0.0
hurting,0.0
icon,0.0
id,0.0
honest,0.0
homes,0.0
homeless,0.0
home would,0.0
help teachers,0.0
helping people,0.0
helps people,0.0
helps students,0.0
helps us,0.0
hes,0.0
hey,0.0
hidden haze,0.0
hiding,0.0
high pressure,0.0
highest,0.0
highly,0.0
highly corrosive,0.0
highway,0.0
hisher,0.0
history,0.0
hit,0.0
hobbies,0.0
hobby,0.0
hold,0.0
holding,0.0
holding public,0.0
hollywood,0.0
home online,0.0
home school,0.0
home schooled,0.0
home schooling,0.0
make project,0.0
